CREATE TABLE user(
	id INT NOT NULL PRIMARY KEY AUTO_INCREMENT,
	firstName VARCHAR(255) NOT NULL,
	lastName VARCHAR(255) NOT NULL,
	email VARCHAR(255) NOT NULL,
	dob DATE,
	registed_at DATETIME
);

CREATE TABLE account(
	id INT NOT NULL PRIMARY KEY AUTO_INCREMENT,
	username VARCHAR(255) NOT NULL,
	password VARCHAR(255) NOT NULL,
	role INT NULL,
	create_at DATETIME,
	user_id INT NOT NULL
);

CREATE TABLE category(
	id INT NOT NULL PRIMARY KEY AUTO_INCREMENT,
	title VARCHAR(255) NOT NULL, 
	account_id INT
);

CREATE TABLE blog(
	id INT NOT NULL PRIMARY KEY AUTO_INCREMENT, 
	content VARCHAR(255) NOT NULL,
	create_at DATETIME NOT NULL,
	title VARCHAR(255) NOT NULL,
	account_id INT NOT NULL
);

CREATE TABLE blog_category (
	blog_id INT NOT NULL,
	category_id INT NOT NULL
);

CREATE TABLE comment(
	id INT NOT NULL PRIMARY KEY AUTO_INCREMENT,
	account_id INT NOT NULL,
	blog_id INT NOT NULL,
	reply_to INT,
	create_at INT NOT NULL,
	content VARCHAR(255)
);

CREATE TABLE rate (
	account_id INT NOT NULL,
	blog_id INT NOT NULL,
	create_at DATETIME NOT NULL,
	rate INT NOT NULL
);

CREATE TABLE vote (
	account_id INT NOT NULL,
	comment_id INT NOT NULL,
	create_at DATETIME
);

--DATA MOCK

insert into user (id, firstName, lastName, email, dob, registed_at) values (1, 'Juliann', 'McCandless', 'jmccandless0@vistaprint.com', '1999-02-14 19:00:20', '2022-02-15 14:13:08');
insert into user (id, firstName, lastName, email, dob, registed_at) values (2, 'Vic', 'Jantel', 'vjantel1@dropbox.com', '1999-03-18 20:35:45', '2022-03-30 15:17:52');
insert into user (id, firstName, lastName, email, dob, registed_at) values (3, 'Brander', 'Floweth', 'bfloweth2@multiply.com', '1999-09-10 10:41:04', '2022-05-06 21:52:42');
insert into user (id, firstName, lastName, email, dob, registed_at) values (4, 'Marysa', 'Dearnaley', 'mdearnaley3@cnn.com', '1999-01-24 23:11:45', '2022-02-16 10:40:21');
insert into user (id, firstName, lastName, email, dob, registed_at) values (5, 'Bettye', 'Gretham', 'bgretham4@go.com', '1999-04-13 18:42:21', '2021-08-21 08:46:03');
insert into user (id, firstName, lastName, email, dob, registed_at) values (6, 'Aeriela', 'Abramowsky', 'aabramowsky5@narod.ru', '1999-01-19 15:49:50', '2022-05-05 03:29:59');
insert into user (id, firstName, lastName, email, dob, registed_at) values (7, 'Lindy', 'Perulli', 'lperulli6@nyu.edu', '1999-08-08 08:49:32', '2022-03-15 13:31:53');
insert into user (id, firstName, lastName, email, dob, registed_at) values (8, 'Hildegaard', 'Redmayne', 'hredmayne7@usatoday.com', '1999-10-06 14:05:33', '2021-12-31 08:35:23');
insert into user (id, firstName, lastName, email, dob, registed_at) values (9, 'Aymer', 'Sinclaire', 'asinclaire8@examiner.com', '1999-01-02 16:32:19', '2022-05-20 01:15:15');
insert into user (id, firstName, lastName, email, dob, registed_at) values (10, 'Hastie', 'Ridesdale', 'hridesdale9@geocities.jp', '1999-12-13 17:27:56', '2022-02-28 01:08:14');


insert into account (id, username, password, role, user_id, create_at) values (1, 'wborchardt0', '0oUmHm', 0, 1, '2021-08-25 11:06:07');
insert into account (id, username, password, role, user_id, create_at) values (2, 'hkitney1', 'IX4QkzxBD', 0, 2, '2021-12-04 10:27:49');
insert into account (id, username, password, role, user_id, create_at) values (3, 'adohrmann2', '0y9NsBgjfDi', 1, 3, '2021-10-08 18:28:25');
insert into account (id, username, password, role, user_id, create_at) values (4, 'hlaver3', 'bIvhRliieGsS', 1, 4, '2022-01-23 19:48:53');
insert into account (id, username, password, role, user_id, create_at) values (5, 'clowerson4', 'OHOS8N5or5B', 0, 5, '2022-05-06 20:00:06');
insert into account (id, username, password, role, user_id, create_at) values (6, 'aloren5', 'MvwHQXy1xk', 1, 6, '2021-12-15 04:40:53');
insert into account (id, username, password, role, user_id, create_at) values (7, 'ghillock6', 'nGJmlAIKq', 0, 7, '2021-08-15 16:18:08');
insert into account (id, username, password, role, user_id, create_at) values (8, 'mhaysey7', 'WfeH4NKli8d', 1, 8, '2022-03-06 12:56:35');
insert into account (id, username, password, role, user_id, create_at) values (9, 'mlewis8', 'ds62ERx6M7', 1, 9, '2021-11-12 22:54:50');
insert into account (id, username, password, role, user_id, create_at) values (10, 'ndungate9', '7bmqxGy8pC', 0, 10, '2021-10-25 20:43:37');



insert into category (id, title, account_id) values (1, 'Story', null);
insert into category (id, title, account_id) values (2, 'Life', null);
insert into category (id, title, account_id) values (3, 'IT', null);


insert into blog (id, content, title, create_at, account_id) values (1, 'Proin interdum mauris non ligula pellentesque ultrices. Phasellus id sapien in sapien iaculis congue. Vivamus metus arcu, adipiscing molestie, hendrerit at, vulputate vitae, nisl.

Aenean lectus. Pellentesque eget nunc. Donec quis orci eget orci vehicula condimentum.

Curabitur in libero ut massa volutpat convallis. Morbi odio odio, elementum eu, interdum eu, tincidunt in, leo. Maecenas pulvinar lobortis est.', 1, '2021-11-28 06:03:38', 8);
insert into blog (id, content, title, create_at, account_id) values (2, 'Curabitur in libero ut massa volutpat convallis. Morbi odio odio, elementum eu, interdum eu, tincidunt in, leo. Maecenas pulvinar lobortis est.

Phasellus sit amet erat. Nulla tempus. Vivamus in felis eu sapien cursus vestibulum.

Proin eu mi. Nulla ac enim. In tempor, turpis nec euismod scelerisque, quam turpis adipiscing lorem, vitae mattis nibh ligula nec sem.

Duis aliquam convallis nunc. Proin at turpis a pede posuere nonummy. Integer non velit.', 2, '2022-07-08 07:23:46', 9);
insert into blog (id, content, title, create_at, account_id) values (3, 'Donec diam neque, vestibulum eget, vulputate ut, ultrices vel, augue. Vestibulum ante ipsum primis in faucibus orci luctus et ultrices posuere cubilia Curae; Donec pharetra, magna vestibulum aliquet ultrices, erat tortor sollicitudin mi, sit amet lobortis sapien sapien non mi. Integer ac neque.

Duis bibendum. Morbi non quam nec dui luctus rutrum. Nulla tellus.

In sagittis dui vel nisl. Duis ac nibh. Fusce lacus purus, aliquet at, feugiat non, pretium quis, lectus.

Suspendisse potenti. In eleifend quam a odio. In hac habitasse platea dictumst.', 3, '2021-12-18 23:52:25', 6);
insert into blog (id, content, title, create_at, account_id) values (4, 'Fusce consequat. Nulla nisl. Nunc nisl.

Duis bibendum, felis sed interdum venenatis, turpis enim blandit mi, in porttitor pede justo eu massa. Donec dapibus. Duis at velit eu est congue elementum.

In hac habitasse platea dictumst. Morbi vestibulum, velit id pretium iaculis, diam erat fermentum justo, nec condimentum neque sapien placerat ante. Nulla justo.', 1, '2022-03-20 17:00:02', 5);
insert into blog (id, content, title, create_at, account_id) values (5, 'Duis bibendum, felis sed interdum venenatis, turpis enim blandit mi, in porttitor pede justo eu massa. Donec dapibus. Duis at velit eu est congue elementum.

In hac habitasse platea dictumst. Morbi vestibulum, velit id pretium iaculis, diam erat fermentum justo, nec condimentum neque sapien placerat ante. Nulla justo.', 2, '2022-02-25 18:14:15', 4);
insert into blog (id, content, title, create_at, account_id) values (6, 'Donec diam neque, vestibulum eget, vulputate ut, ultrices vel, augue. Vestibulum ante ipsum primis in faucibus orci luctus et ultrices posuere cubilia Curae; Donec pharetra, magna vestibulum aliquet ultrices, erat tortor sollicitudin mi, sit amet lobortis sapien sapien non mi. Integer ac neque.

Duis bibendum. Morbi non quam nec dui luctus rutrum. Nulla tellus.

In sagittis dui vel nisl. Duis ac nibh. Fusce lacus purus, aliquet at, feugiat non, pretium quis, lectus.

Suspendisse potenti. In eleifend quam a odio. In hac habitasse platea dictumst.', 3, '2022-06-28 09:14:05', 9);
insert into blog (id, content, title, create_at, account_id) values (7, 'Morbi non lectus. Aliquam sit amet diam in magna bibendum imperdiet. Nullam orci pede, venenatis non, sodales sed, tincidunt eu, felis.

Fusce posuere felis sed lacus. Morbi sem mauris, laoreet ut, rhoncus aliquet, pulvinar sed, nisl. Nunc rhoncus dui vel sem.

Sed sagittis. Nam congue, risus semper porta volutpat, quam pede lobortis ligula, sit amet eleifend pede libero quis orci. Nullam molestie nibh in lectus.', 1, '2021-12-07 08:49:20', 8);
insert into blog (id, content, title, create_at, account_id) values (8, 'In quis justo. Maecenas rhoncus aliquam lacus. Morbi quis tortor id nulla ultrices aliquet.

Maecenas leo odio, condimentum id, luctus nec, molestie sed, justo. Pellentesque viverra pede ac diam. Cras pellentesque volutpat dui.

Maecenas tristique, est et tempus semper, est quam pharetra magna, ac consequat metus sapien ut nunc. Vestibulum ante ipsum primis in faucibus orci luctus et ultrices posuere cubilia Curae; Mauris viverra diam vitae quam. Suspendisse potenti.

Nullam porttitor lacus at turpis. Donec posuere metus vitae ipsum. Aliquam non mauris.', 2, '2021-09-18 15:33:26', 7);
insert into blog (id, content, title, create_at, account_id) values (9, 'Nullam porttitor lacus at turpis. Donec posuere metus vitae ipsum. Aliquam non mauris.

Morbi non lectus. Aliquam sit amet diam in magna bibendum imperdiet. Nullam orci pede, venenatis non, sodales sed, tincidunt eu, felis.

Fusce posuere felis sed lacus. Morbi sem mauris, laoreet ut, rhoncus aliquet, pulvinar sed, nisl. Nunc rhoncus dui vel sem.', 3, '2022-04-09 07:55:51', 3);
insert into blog (id, content, title, create_at, account_id) values (10, 'In quis justo. Maecenas rhoncus aliquam lacus. Morbi quis tortor id nulla ultrices aliquet.

Maecenas leo odio, condimentum id, luctus nec, molestie sed, justo. Pellentesque viverra pede ac diam. Cras pellentesque volutpat dui.', 1, '2021-12-15 17:18:06', 1);
insert into blog (id, content, title, create_at, account_id) values (11, 'Proin interdum mauris non ligula pellentesque ultrices. Phasellus id sapien in sapien iaculis congue. Vivamus metus arcu, adipiscing molestie, hendrerit at, vulputate vitae, nisl.

Aenean lectus. Pellentesque eget nunc. Donec quis orci eget orci vehicula condimentum.', 2, '2021-11-11 15:40:19', 7);
insert into blog (id, content, title, create_at, account_id) values (12, 'Sed ante. Vivamus tortor. Duis mattis egestas metus.

Aenean fermentum. Donec ut mauris eget massa tempor convallis. Nulla neque libero, convallis eget, eleifend luctus, ultricies eu, nibh.

Quisque id justo sit amet sapien dignissim vestibulum. Vestibulum ante ipsum primis in faucibus orci luctus et ultrices posuere cubilia Curae; Nulla dapibus dolor vel est. Donec odio justo, sollicitudin ut, suscipit a, feugiat et, eros.', 3, '2022-02-09 04:25:43', 9);
insert into blog (id, content, title, create_at, account_id) values (13, 'Maecenas tristique, est et tempus semper, est quam pharetra magna, ac consequat metus sapien ut nunc. Vestibulum ante ipsum primis in faucibus orci luctus et ultrices posuere cubilia Curae; Mauris viverra diam vitae quam. Suspendisse potenti.

Nullam porttitor lacus at turpis. Donec posuere metus vitae ipsum. Aliquam non mauris.', 1, '2022-04-15 10:30:35', 6);
insert into blog (id, content, title, create_at, account_id) values (14, 'In sagittis dui vel nisl. Duis ac nibh. Fusce lacus purus, aliquet at, feugiat non, pretium quis, lectus.

Suspendisse potenti. In eleifend quam a odio. In hac habitasse platea dictumst.

Maecenas ut massa quis augue luctus tincidunt. Nulla mollis molestie lorem. Quisque ut erat.

Curabitur gravida nisi at nibh. In hac habitasse platea dictumst. Aliquam augue quam, sollicitudin vitae, consectetuer eget, rutrum at, lorem.', 2, '2022-06-04 04:23:17', 10);
insert into blog (id, content, title, create_at, account_id) values (15, 'Vestibulum ac est lacinia nisi venenatis tristique. Fusce congue, diam id ornare imperdiet, sapien urna pretium nisl, ut volutpat sapien arcu sed augue. Aliquam erat volutpat.

In congue. Etiam justo. Etiam pretium iaculis justo.

In hac habitasse platea dictumst. Etiam faucibus cursus urna. Ut tellus.', 3, '2022-02-13 06:31:17', 8);
insert into blog (id, content, title, create_at, account_id) values (16, 'Lorem ipsum dolor sit amet, consectetuer adipiscing elit. Proin risus. Praesent lectus.

Vestibulum quam sapien, varius ut, blandit non, interdum in, ante. Vestibulum ante ipsum primis in faucibus orci luctus et ultrices posuere cubilia Curae; Duis faucibus accumsan odio. Curabitur convallis.

Duis consequat dui nec nisi volutpat eleifend. Donec ut dolor. Morbi vel lectus in quam fringilla rhoncus.

Mauris enim leo, rhoncus sed, vestibulum sit amet, cursus id, turpis. Integer aliquet, massa id lobortis convallis, tortor risus dapibus augue, vel accumsan tellus nisi eu orci. Mauris lacinia sapien quis libero.', 1, '2022-02-17 22:17:04', 2);
insert into blog (id, content, title, create_at, account_id) values (17, 'Integer ac leo. Pellentesque ultrices mattis odio. Donec vitae nisi.

Nam ultrices, libero non mattis pulvinar, nulla pede ullamcorper augue, a suscipit nulla elit ac nulla. Sed vel enim sit amet nunc viverra dapibus. Nulla suscipit ligula in lacus.', 2, '2021-12-03 00:14:25', 1);
insert into blog (id, content, title, create_at, account_id) values (18, 'Cras non velit nec nisi vulputate nonummy. Maecenas tincidunt lacus at velit. Vivamus vel nulla eget eros elementum pellentesque.

Quisque porta volutpat erat. Quisque erat eros, viverra eget, congue eget, semper rutrum, nulla. Nunc purus.

Phasellus in felis. Donec semper sapien a libero. Nam dui.

Proin leo odio, porttitor id, consequat in, consequat ut, nulla. Sed accumsan felis. Ut at dolor quis odio consequat varius.', 3, '2022-03-30 14:39:09', 8);
insert into blog (id, content, title, create_at, account_id) values (19, 'Praesent blandit. Nam nulla. Integer pede justo, lacinia eget, tincidunt eget, tempus vel, pede.

Morbi porttitor lorem id ligula. Suspendisse ornare consequat lectus. In est risus, auctor sed, tristique in, tempus sit amet, sem.', 1, '2022-08-09 06:50:54', 8);
insert into blog (id, content, title, create_at, account_id) values (20, 'Maecenas ut massa quis augue luctus tincidunt. Nulla mollis molestie lorem. Quisque ut erat.

Curabitur gravida nisi at nibh. In hac habitasse platea dictumst. Aliquam augue quam, sollicitudin vitae, consectetuer eget, rutrum at, lorem.

Integer tincidunt ante vel ipsum. Praesent blandit lacinia erat. Vestibulum sed magna at nunc commodo placerat.

Praesent blandit. Nam nulla. Integer pede justo, lacinia eget, tincidunt eget, tempus vel, pede.', 2, '2021-12-05 07:52:00', 4);
insert into blog (id, content, title, create_at, account_id) values (21, 'Praesent blandit. Nam nulla. Integer pede justo, lacinia eget, tincidunt eget, tempus vel, pede.

Morbi porttitor lorem id ligula. Suspendisse ornare consequat lectus. In est risus, auctor sed, tristique in, tempus sit amet, sem.

Fusce consequat. Nulla nisl. Nunc nisl.', 3, '2022-01-13 11:11:26', 6);
insert into blog (id, content, title, create_at, account_id) values (22, 'Curabitur gravida nisi at nibh. In hac habitasse platea dictumst. Aliquam augue quam, sollicitudin vitae, consectetuer eget, rutrum at, lorem.

Integer tincidunt ante vel ipsum. Praesent blandit lacinia erat. Vestibulum sed magna at nunc commodo placerat.', 1, '2022-03-02 22:10:57', 6);
insert into blog (id, content, title, create_at, account_id) values (23, 'Mauris enim leo, rhoncus sed, vestibulum sit amet, cursus id, turpis. Integer aliquet, massa id lobortis convallis, tortor risus dapibus augue, vel accumsan tellus nisi eu orci. Mauris lacinia sapien quis libero.

Nullam sit amet turpis elementum ligula vehicula consequat. Morbi a ipsum. Integer a nibh.', 2, '2021-12-03 03:09:24', 10);
insert into blog (id, content, title, create_at, account_id) values (24, 'In hac habitasse platea dictumst. Etiam faucibus cursus urna. Ut tellus.

Nulla ut erat id mauris vulputate elementum. Nullam varius. Nulla facilisi.

Cras non velit nec nisi vulputate nonummy. Maecenas tincidunt lacus at velit. Vivamus vel nulla eget eros elementum pellentesque.

Quisque porta volutpat erat. Quisque erat eros, viverra eget, congue eget, semper rutrum, nulla. Nunc purus.', 3, '2022-03-20 11:43:56', 2);
insert into blog (id, content, title, create_at, account_id) values (25, 'Phasellus in felis. Donec semper sapien a libero. Nam dui.

Proin leo odio, porttitor id, consequat in, consequat ut, nulla. Sed accumsan felis. Ut at dolor quis odio consequat varius.', 1, '2021-12-09 23:39:53', 10);
insert into blog (id, content, title, create_at, account_id) values (26, 'Phasellus in felis. Donec semper sapien a libero. Nam dui.

Proin leo odio, porttitor id, consequat in, consequat ut, nulla. Sed accumsan felis. Ut at dolor quis odio consequat varius.

Integer ac leo. Pellentesque ultrices mattis odio. Donec vitae nisi.

Nam ultrices, libero non mattis pulvinar, nulla pede ullamcorper augue, a suscipit nulla elit ac nulla. Sed vel enim sit amet nunc viverra dapibus. Nulla suscipit ligula in lacus.', 2, '2022-02-11 14:57:53', 6);
insert into blog (id, content, title, create_at, account_id) values (27, 'Proin leo odio, porttitor id, consequat in, consequat ut, nulla. Sed accumsan felis. Ut at dolor quis odio consequat varius.

Integer ac leo. Pellentesque ultrices mattis odio. Donec vitae nisi.

Nam ultrices, libero non mattis pulvinar, nulla pede ullamcorper augue, a suscipit nulla elit ac nulla. Sed vel enim sit amet nunc viverra dapibus. Nulla suscipit ligula in lacus.', 3, '2022-03-07 16:22:09', 7);
insert into blog (id, content, title, create_at, account_id) values (28, 'Aliquam quis turpis eget elit sodales scelerisque. Mauris sit amet eros. Suspendisse accumsan tortor quis turpis.

Sed ante. Vivamus tortor. Duis mattis egestas metus.', 1, '2022-06-07 02:00:39', 3);
insert into blog (id, content, title, create_at, account_id) values (29, 'In quis justo. Maecenas rhoncus aliquam lacus. Morbi quis tortor id nulla ultrices aliquet.

Maecenas leo odio, condimentum id, luctus nec, molestie sed, justo. Pellentesque viverra pede ac diam. Cras pellentesque volutpat dui.', 2, '2022-02-04 02:55:14', 4);
insert into blog (id, content, title, create_at, account_id) values (30, 'Cras mi pede, malesuada in, imperdiet et, commodo vulputate, justo. In blandit ultrices enim. Lorem ipsum dolor sit amet, consectetuer adipiscing elit.

Proin interdum mauris non ligula pellentesque ultrices. Phasellus id sapien in sapien iaculis congue. Vivamus metus arcu, adipiscing molestie, hendrerit at, vulputate vitae, nisl.

Aenean lectus. Pellentesque eget nunc. Donec quis orci eget orci vehicula condimentum.

Curabitur in libero ut massa volutpat convallis. Morbi odio odio, elementum eu, interdum eu, tincidunt in, leo. Maecenas pulvinar lobortis est.', 3, '2021-12-13 07:44:09', 3);
insert into blog (id, content, title, create_at, account_id) values (31, 'In hac habitasse platea dictumst. Morbi vestibulum, velit id pretium iaculis, diam erat fermentum justo, nec condimentum neque sapien placerat ante. Nulla justo.

Aliquam quis turpis eget elit sodales scelerisque. Mauris sit amet eros. Suspendisse accumsan tortor quis turpis.', 1, '2022-05-20 02:42:04', 9);
insert into blog (id, content, title, create_at, account_id) values (32, 'In hac habitasse platea dictumst. Morbi vestibulum, velit id pretium iaculis, diam erat fermentum justo, nec condimentum neque sapien placerat ante. Nulla justo.

Aliquam quis turpis eget elit sodales scelerisque. Mauris sit amet eros. Suspendisse accumsan tortor quis turpis.

Sed ante. Vivamus tortor. Duis mattis egestas metus.

Aenean fermentum. Donec ut mauris eget massa tempor convallis. Nulla neque libero, convallis eget, eleifend luctus, ultricies eu, nibh.', 2, '2021-12-30 21:15:36', 3);
insert into blog (id, content, title, create_at, account_id) values (33, 'Nulla ut erat id mauris vulputate elementum. Nullam varius. Nulla facilisi.

Cras non velit nec nisi vulputate nonummy. Maecenas tincidunt lacus at velit. Vivamus vel nulla eget eros elementum pellentesque.

Quisque porta volutpat erat. Quisque erat eros, viverra eget, congue eget, semper rutrum, nulla. Nunc purus.', 3, '2022-06-16 08:13:14', 8);
insert into blog (id, content, title, create_at, account_id) values (34, 'Pellentesque at nulla. Suspendisse potenti. Cras in purus eu magna vulputate luctus.

Cum sociis natoque penatibus et magnis dis parturient montes, nascetur ridiculus mus. Vivamus vestibulum sagittis sapien. Cum sociis natoque penatibus et magnis dis parturient montes, nascetur ridiculus mus.

Etiam vel augue. Vestibulum rutrum rutrum neque. Aenean auctor gravida sem.', 1, '2021-08-24 14:34:33', 3);
insert into blog (id, content, title, create_at, account_id) values (35, 'Nam ultrices, libero non mattis pulvinar, nulla pede ullamcorper augue, a suscipit nulla elit ac nulla. Sed vel enim sit amet nunc viverra dapibus. Nulla suscipit ligula in lacus.

Curabitur at ipsum ac tellus semper interdum. Mauris ullamcorper purus sit amet nulla. Quisque arcu libero, rutrum ac, lobortis vel, dapibus at, diam.', 2, '2022-01-01 18:56:27', 5);
insert into blog (id, content, title, create_at, account_id) values (36, 'Mauris enim leo, rhoncus sed, vestibulum sit amet, cursus id, turpis. Integer aliquet, massa id lobortis convallis, tortor risus dapibus augue, vel accumsan tellus nisi eu orci. Mauris lacinia sapien quis libero.

Nullam sit amet turpis elementum ligula vehicula consequat. Morbi a ipsum. Integer a nibh.

In quis justo. Maecenas rhoncus aliquam lacus. Morbi quis tortor id nulla ultrices aliquet.

Maecenas leo odio, condimentum id, luctus nec, molestie sed, justo. Pellentesque viverra pede ac diam. Cras pellentesque volutpat dui.', 3, '2022-04-25 18:28:04', 3);
insert into blog (id, content, title, create_at, account_id) values (37, 'In hac habitasse platea dictumst. Etiam faucibus cursus urna. Ut tellus.

Nulla ut erat id mauris vulputate elementum. Nullam varius. Nulla facilisi.', 1, '2022-06-20 09:53:28', 6);
insert into blog (id, content, title, create_at, account_id) values (38, 'Phasellus sit amet erat. Nulla tempus. Vivamus in felis eu sapien cursus vestibulum.

Proin eu mi. Nulla ac enim. In tempor, turpis nec euismod scelerisque, quam turpis adipiscing lorem, vitae mattis nibh ligula nec sem.

Duis aliquam convallis nunc. Proin at turpis a pede posuere nonummy. Integer non velit.', 2, '2022-06-06 13:01:06', 2);
insert into blog (id, content, title, create_at, account_id) values (39, 'Mauris enim leo, rhoncus sed, vestibulum sit amet, cursus id, turpis. Integer aliquet, massa id lobortis convallis, tortor risus dapibus augue, vel accumsan tellus nisi eu orci. Mauris lacinia sapien quis libero.

Nullam sit amet turpis elementum ligula vehicula consequat. Morbi a ipsum. Integer a nibh.', 3, '2022-06-04 23:59:03', 10);
insert into blog (id, content, title, create_at, account_id) values (40, 'Sed ante. Vivamus tortor. Duis mattis egestas metus.

Aenean fermentum. Donec ut mauris eget massa tempor convallis. Nulla neque libero, convallis eget, eleifend luctus, ultricies eu, nibh.

Quisque id justo sit amet sapien dignissim vestibulum. Vestibulum ante ipsum primis in faucibus orci luctus et ultrices posuere cubilia Curae; Nulla dapibus dolor vel est. Donec odio justo, sollicitudin ut, suscipit a, feugiat et, eros.

Vestibulum ac est lacinia nisi venenatis tristique. Fusce congue, diam id ornare imperdiet, sapien urna pretium nisl, ut volutpat sapien arcu sed augue. Aliquam erat volutpat.', 1, '2022-08-11 17:21:10', 3);
insert into blog (id, content, title, create_at, account_id) values (41, 'Praesent id massa id nisl venenatis lacinia. Aenean sit amet justo. Morbi ut odio.

Cras mi pede, malesuada in, imperdiet et, commodo vulputate, justo. In blandit ultrices enim. Lorem ipsum dolor sit amet, consectetuer adipiscing elit.

Proin interdum mauris non ligula pellentesque ultrices. Phasellus id sapien in sapien iaculis congue. Vivamus metus arcu, adipiscing molestie, hendrerit at, vulputate vitae, nisl.

Aenean lectus. Pellentesque eget nunc. Donec quis orci eget orci vehicula condimentum.', 2, '2021-10-22 05:30:31', 10);
insert into blog (id, content, title, create_at, account_id) values (42, 'Nulla ut erat id mauris vulputate elementum. Nullam varius. Nulla facilisi.

Cras non velit nec nisi vulputate nonummy. Maecenas tincidunt lacus at velit. Vivamus vel nulla eget eros elementum pellentesque.

Quisque porta volutpat erat. Quisque erat eros, viverra eget, congue eget, semper rutrum, nulla. Nunc purus.

Phasellus in felis. Donec semper sapien a libero. Nam dui.', 3, '2022-07-03 17:20:23', 10);
insert into blog (id, content, title, create_at, account_id) values (43, 'Sed sagittis. Nam congue, risus semper porta volutpat, quam pede lobortis ligula, sit amet eleifend pede libero quis orci. Nullam molestie nibh in lectus.

Pellentesque at nulla. Suspendisse potenti. Cras in purus eu magna vulputate luctus.', 1, '2021-10-18 02:49:59', 2);
insert into blog (id, content, title, create_at, account_id) values (44, 'Fusce consequat. Nulla nisl. Nunc nisl.

Duis bibendum, felis sed interdum venenatis, turpis enim blandit mi, in porttitor pede justo eu massa. Donec dapibus. Duis at velit eu est congue elementum.

In hac habitasse platea dictumst. Morbi vestibulum, velit id pretium iaculis, diam erat fermentum justo, nec condimentum neque sapien placerat ante. Nulla justo.', 2, '2022-05-08 23:52:13', 7);
insert into blog (id, content, title, create_at, account_id) values (45, 'In sagittis dui vel nisl. Duis ac nibh. Fusce lacus purus, aliquet at, feugiat non, pretium quis, lectus.

Suspendisse potenti. In eleifend quam a odio. In hac habitasse platea dictumst.

Maecenas ut massa quis augue luctus tincidunt. Nulla mollis molestie lorem. Quisque ut erat.', 3, '2021-10-30 10:39:20', 8);
insert into blog (id, content, title, create_at, account_id) values (46, 'Praesent blandit. Nam nulla. Integer pede justo, lacinia eget, tincidunt eget, tempus vel, pede.

Morbi porttitor lorem id ligula. Suspendisse ornare consequat lectus. In est risus, auctor sed, tristique in, tempus sit amet, sem.

Fusce consequat. Nulla nisl. Nunc nisl.

Duis bibendum, felis sed interdum venenatis, turpis enim blandit mi, in porttitor pede justo eu massa. Donec dapibus. Duis at velit eu est congue elementum.', 1, '2021-10-12 22:23:27', 8);
insert into blog (id, content, title, create_at, account_id) values (47, 'Aenean fermentum. Donec ut mauris eget massa tempor convallis. Nulla neque libero, convallis eget, eleifend luctus, ultricies eu, nibh.

Quisque id justo sit amet sapien dignissim vestibulum. Vestibulum ante ipsum primis in faucibus orci luctus et ultrices posuere cubilia Curae; Nulla dapibus dolor vel est. Donec odio justo, sollicitudin ut, suscipit a, feugiat et, eros.

Vestibulum ac est lacinia nisi venenatis tristique. Fusce congue, diam id ornare imperdiet, sapien urna pretium nisl, ut volutpat sapien arcu sed augue. Aliquam erat volutpat.

In congue. Etiam justo. Etiam pretium iaculis justo.', 2, '2021-10-09 01:07:15', 4);
insert into blog (id, content, title, create_at, account_id) values (48, 'Curabitur in libero ut massa volutpat convallis. Morbi odio odio, elementum eu, interdum eu, tincidunt in, leo. Maecenas pulvinar lobortis est.

Phasellus sit amet erat. Nulla tempus. Vivamus in felis eu sapien cursus vestibulum.', 3, '2022-02-19 11:15:07', 3);
insert into blog (id, content, title, create_at, account_id) values (49, 'Duis aliquam convallis nunc. Proin at turpis a pede posuere nonummy. Integer non velit.

Donec diam neque, vestibulum eget, vulputate ut, ultrices vel, augue. Vestibulum ante ipsum primis in faucibus orci luctus et ultrices posuere cubilia Curae; Donec pharetra, magna vestibulum aliquet ultrices, erat tortor sollicitudin mi, sit amet lobortis sapien sapien non mi. Integer ac neque.

Duis bibendum. Morbi non quam nec dui luctus rutrum. Nulla tellus.

In sagittis dui vel nisl. Duis ac nibh. Fusce lacus purus, aliquet at, feugiat non, pretium quis, lectus.', 1, '2022-08-06 19:58:23', 8);
insert into blog (id, content, title, create_at, account_id) values (50, 'Phasellus sit amet erat. Nulla tempus. Vivamus in felis eu sapien cursus vestibulum.

Proin eu mi. Nulla ac enim. In tempor, turpis nec euismod scelerisque, quam turpis adipiscing lorem, vitae mattis nibh ligula nec sem.

Duis aliquam convallis nunc. Proin at turpis a pede posuere nonummy. Integer non velit.

Donec diam neque, vestibulum eget, vulputate ut, ultrices vel, augue. Vestibulum ante ipsum primis in faucibus orci luctus et ultrices posuere cubilia Curae; Donec pharetra, magna vestibulum aliquet ultrices, erat tortor sollicitudin mi, sit amet lobortis sapien sapien non mi. Integer ac neque.', 2, '2021-12-04 02:52:39', 3);
insert into blog (id, content, title, create_at, account_id) values (51, 'Praesent blandit. Nam nulla. Integer pede justo, lacinia eget, tincidunt eget, tempus vel, pede.

Morbi porttitor lorem id ligula. Suspendisse ornare consequat lectus. In est risus, auctor sed, tristique in, tempus sit amet, sem.', 3, '2022-02-06 19:59:50', 6);
insert into blog (id, content, title, create_at, account_id) values (52, 'Phasellus in felis. Donec semper sapien a libero. Nam dui.

Proin leo odio, porttitor id, consequat in, consequat ut, nulla. Sed accumsan felis. Ut at dolor quis odio consequat varius.

Integer ac leo. Pellentesque ultrices mattis odio. Donec vitae nisi.

Nam ultrices, libero non mattis pulvinar, nulla pede ullamcorper augue, a suscipit nulla elit ac nulla. Sed vel enim sit amet nunc viverra dapibus. Nulla suscipit ligula in lacus.', 1, '2022-06-07 15:27:07', 9);
insert into blog (id, content, title, create_at, account_id) values (53, 'Proin interdum mauris non ligula pellentesque ultrices. Phasellus id sapien in sapien iaculis congue. Vivamus metus arcu, adipiscing molestie, hendrerit at, vulputate vitae, nisl.

Aenean lectus. Pellentesque eget nunc. Donec quis orci eget orci vehicula condimentum.

Curabitur in libero ut massa volutpat convallis. Morbi odio odio, elementum eu, interdum eu, tincidunt in, leo. Maecenas pulvinar lobortis est.

Phasellus sit amet erat. Nulla tempus. Vivamus in felis eu sapien cursus vestibulum.', 2, '2022-01-29 00:01:28', 9);
insert into blog (id, content, title, create_at, account_id) values (54, 'In hac habitasse platea dictumst. Morbi vestibulum, velit id pretium iaculis, diam erat fermentum justo, nec condimentum neque sapien placerat ante. Nulla justo.

Aliquam quis turpis eget elit sodales scelerisque. Mauris sit amet eros. Suspendisse accumsan tortor quis turpis.

Sed ante. Vivamus tortor. Duis mattis egestas metus.', 3, '2022-05-20 23:51:16', 3);
insert into blog (id, content, title, create_at, account_id) values (55, 'Fusce posuere felis sed lacus. Morbi sem mauris, laoreet ut, rhoncus aliquet, pulvinar sed, nisl. Nunc rhoncus dui vel sem.

Sed sagittis. Nam congue, risus semper porta volutpat, quam pede lobortis ligula, sit amet eleifend pede libero quis orci. Nullam molestie nibh in lectus.', 1, '2022-07-27 00:59:41', 4);
insert into blog (id, content, title, create_at, account_id) values (56, 'Curabitur in libero ut massa volutpat convallis. Morbi odio odio, elementum eu, interdum eu, tincidunt in, leo. Maecenas pulvinar lobortis est.

Phasellus sit amet erat. Nulla tempus. Vivamus in felis eu sapien cursus vestibulum.

Proin eu mi. Nulla ac enim. In tempor, turpis nec euismod scelerisque, quam turpis adipiscing lorem, vitae mattis nibh ligula nec sem.', 2, '2021-09-29 01:33:03', 3);
insert into blog (id, content, title, create_at, account_id) values (57, 'Vestibulum quam sapien, varius ut, blandit non, interdum in, ante. Vestibulum ante ipsum primis in faucibus orci luctus et ultrices posuere cubilia Curae; Duis faucibus accumsan odio. Curabitur convallis.

Duis consequat dui nec nisi volutpat eleifend. Donec ut dolor. Morbi vel lectus in quam fringilla rhoncus.', 3, '2022-06-28 03:59:09', 4);
insert into blog (id, content, title, create_at, account_id) values (58, 'Quisque id justo sit amet sapien dignissim vestibulum. Vestibulum ante ipsum primis in faucibus orci luctus et ultrices posuere cubilia Curae; Nulla dapibus dolor vel est. Donec odio justo, sollicitudin ut, suscipit a, feugiat et, eros.

Vestibulum ac est lacinia nisi venenatis tristique. Fusce congue, diam id ornare imperdiet, sapien urna pretium nisl, ut volutpat sapien arcu sed augue. Aliquam erat volutpat.

In congue. Etiam justo. Etiam pretium iaculis justo.', 1, '2022-04-26 22:20:53', 2);
insert into blog (id, content, title, create_at, account_id) values (59, 'Morbi porttitor lorem id ligula. Suspendisse ornare consequat lectus. In est risus, auctor sed, tristique in, tempus sit amet, sem.

Fusce consequat. Nulla nisl. Nunc nisl.', 2, '2022-02-18 08:30:30', 2);
insert into blog (id, content, title, create_at, account_id) values (60, 'In quis justo. Maecenas rhoncus aliquam lacus. Morbi quis tortor id nulla ultrices aliquet.

Maecenas leo odio, condimentum id, luctus nec, molestie sed, justo. Pellentesque viverra pede ac diam. Cras pellentesque volutpat dui.

Maecenas tristique, est et tempus semper, est quam pharetra magna, ac consequat metus sapien ut nunc. Vestibulum ante ipsum primis in faucibus orci luctus et ultrices posuere cubilia Curae; Mauris viverra diam vitae quam. Suspendisse potenti.

Nullam porttitor lacus at turpis. Donec posuere metus vitae ipsum. Aliquam non mauris.', 3, '2022-06-25 20:08:52', 8);
insert into blog (id, content, title, create_at, account_id) values (61, 'Sed sagittis. Nam congue, risus semper porta volutpat, quam pede lobortis ligula, sit amet eleifend pede libero quis orci. Nullam molestie nibh in lectus.

Pellentesque at nulla. Suspendisse potenti. Cras in purus eu magna vulputate luctus.

Cum sociis natoque penatibus et magnis dis parturient montes, nascetur ridiculus mus. Vivamus vestibulum sagittis sapien. Cum sociis natoque penatibus et magnis dis parturient montes, nascetur ridiculus mus.

Etiam vel augue. Vestibulum rutrum rutrum neque. Aenean auctor gravida sem.', 1, '2022-01-12 14:01:00', 9);
insert into blog (id, content, title, create_at, account_id) values (62, 'Phasellus sit amet erat. Nulla tempus. Vivamus in felis eu sapien cursus vestibulum.

Proin eu mi. Nulla ac enim. In tempor, turpis nec euismod scelerisque, quam turpis adipiscing lorem, vitae mattis nibh ligula nec sem.

Duis aliquam convallis nunc. Proin at turpis a pede posuere nonummy. Integer non velit.

Donec diam neque, vestibulum eget, vulputate ut, ultrices vel, augue. Vestibulum ante ipsum primis in faucibus orci luctus et ultrices posuere cubilia Curae; Donec pharetra, magna vestibulum aliquet ultrices, erat tortor sollicitudin mi, sit amet lobortis sapien sapien non mi. Integer ac neque.', 2, '2021-10-04 13:37:55', 2);
insert into blog (id, content, title, create_at, account_id) values (63, 'Sed sagittis. Nam congue, risus semper porta volutpat, quam pede lobortis ligula, sit amet eleifend pede libero quis orci. Nullam molestie nibh in lectus.

Pellentesque at nulla. Suspendisse potenti. Cras in purus eu magna vulputate luctus.

Cum sociis natoque penatibus et magnis dis parturient montes, nascetur ridiculus mus. Vivamus vestibulum sagittis sapien. Cum sociis natoque penatibus et magnis dis parturient montes, nascetur ridiculus mus.

Etiam vel augue. Vestibulum rutrum rutrum neque. Aenean auctor gravida sem.', 3, '2022-02-04 18:03:28', 4);
insert into blog (id, content, title, create_at, account_id) values (64, 'Quisque porta volutpat erat. Quisque erat eros, viverra eget, congue eget, semper rutrum, nulla. Nunc purus.

Phasellus in felis. Donec semper sapien a libero. Nam dui.', 1, '2022-02-10 03:25:03', 6);
insert into blog (id, content, title, create_at, account_id) values (65, 'Aliquam quis turpis eget elit sodales scelerisque. Mauris sit amet eros. Suspendisse accumsan tortor quis turpis.

Sed ante. Vivamus tortor. Duis mattis egestas metus.

Aenean fermentum. Donec ut mauris eget massa tempor convallis. Nulla neque libero, convallis eget, eleifend luctus, ultricies eu, nibh.', 2, '2022-06-08 15:22:47', 3);
insert into blog (id, content, title, create_at, account_id) values (66, 'In congue. Etiam justo. Etiam pretium iaculis justo.

In hac habitasse platea dictumst. Etiam faucibus cursus urna. Ut tellus.

Nulla ut erat id mauris vulputate elementum. Nullam varius. Nulla facilisi.', 3, '2022-04-27 03:58:02', 2);
insert into blog (id, content, title, create_at, account_id) values (67, 'Cras mi pede, malesuada in, imperdiet et, commodo vulputate, justo. In blandit ultrices enim. Lorem ipsum dolor sit amet, consectetuer adipiscing elit.

Proin interdum mauris non ligula pellentesque ultrices. Phasellus id sapien in sapien iaculis congue. Vivamus metus arcu, adipiscing molestie, hendrerit at, vulputate vitae, nisl.

Aenean lectus. Pellentesque eget nunc. Donec quis orci eget orci vehicula condimentum.', 1, '2022-05-03 01:16:46', 1);
insert into blog (id, content, title, create_at, account_id) values (68, 'Morbi non lectus. Aliquam sit amet diam in magna bibendum imperdiet. Nullam orci pede, venenatis non, sodales sed, tincidunt eu, felis.

Fusce posuere felis sed lacus. Morbi sem mauris, laoreet ut, rhoncus aliquet, pulvinar sed, nisl. Nunc rhoncus dui vel sem.', 2, '2022-06-11 14:16:08', 1);
insert into blog (id, content, title, create_at, account_id) values (69, 'Etiam vel augue. Vestibulum rutrum rutrum neque. Aenean auctor gravida sem.

Praesent id massa id nisl venenatis lacinia. Aenean sit amet justo. Morbi ut odio.', 3, '2021-11-26 06:44:10', 1);
insert into blog (id, content, title, create_at, account_id) values (70, 'Maecenas leo odio, condimentum id, luctus nec, molestie sed, justo. Pellentesque viverra pede ac diam. Cras pellentesque volutpat dui.

Maecenas tristique, est et tempus semper, est quam pharetra magna, ac consequat metus sapien ut nunc. Vestibulum ante ipsum primis in faucibus orci luctus et ultrices posuere cubilia Curae; Mauris viverra diam vitae quam. Suspendisse potenti.

Nullam porttitor lacus at turpis. Donec posuere metus vitae ipsum. Aliquam non mauris.

Morbi non lectus. Aliquam sit amet diam in magna bibendum imperdiet. Nullam orci pede, venenatis non, sodales sed, tincidunt eu, felis.', 1, '2021-11-21 15:29:21', 9);
insert into blog (id, content, title, create_at, account_id) values (71, 'Fusce posuere felis sed lacus. Morbi sem mauris, laoreet ut, rhoncus aliquet, pulvinar sed, nisl. Nunc rhoncus dui vel sem.

Sed sagittis. Nam congue, risus semper porta volutpat, quam pede lobortis ligula, sit amet eleifend pede libero quis orci. Nullam molestie nibh in lectus.', 2, '2021-10-04 02:00:55', 4);
insert into blog (id, content, title, create_at, account_id) values (72, 'Aenean lectus. Pellentesque eget nunc. Donec quis orci eget orci vehicula condimentum.

Curabitur in libero ut massa volutpat convallis. Morbi odio odio, elementum eu, interdum eu, tincidunt in, leo. Maecenas pulvinar lobortis est.', 3, '2021-11-26 01:19:17', 7);
insert into blog (id, content, title, create_at, account_id) values (73, 'Proin eu mi. Nulla ac enim. In tempor, turpis nec euismod scelerisque, quam turpis adipiscing lorem, vitae mattis nibh ligula nec sem.

Duis aliquam convallis nunc. Proin at turpis a pede posuere nonummy. Integer non velit.', 1, '2022-07-02 13:14:54', 4);
insert into blog (id, content, title, create_at, account_id) values (74, 'Vestibulum ac est lacinia nisi venenatis tristique. Fusce congue, diam id ornare imperdiet, sapien urna pretium nisl, ut volutpat sapien arcu sed augue. Aliquam erat volutpat.

In congue. Etiam justo. Etiam pretium iaculis justo.', 2, '2022-01-04 23:11:38', 9);
insert into blog (id, content, title, create_at, account_id) values (75, 'Proin eu mi. Nulla ac enim. In tempor, turpis nec euismod scelerisque, quam turpis adipiscing lorem, vitae mattis nibh ligula nec sem.

Duis aliquam convallis nunc. Proin at turpis a pede posuere nonummy. Integer non velit.', 3, '2021-09-28 02:56:46', 1);
insert into blog (id, content, title, create_at, account_id) values (76, 'Praesent blandit. Nam nulla. Integer pede justo, lacinia eget, tincidunt eget, tempus vel, pede.

Morbi porttitor lorem id ligula. Suspendisse ornare consequat lectus. In est risus, auctor sed, tristique in, tempus sit amet, sem.

Fusce consequat. Nulla nisl. Nunc nisl.

Duis bibendum, felis sed interdum venenatis, turpis enim blandit mi, in porttitor pede justo eu massa. Donec dapibus. Duis at velit eu est congue elementum.', 1, '2021-09-30 02:49:10', 7);
insert into blog (id, content, title, create_at, account_id) values (77, 'In sagittis dui vel nisl. Duis ac nibh. Fusce lacus purus, aliquet at, feugiat non, pretium quis, lectus.

Suspendisse potenti. In eleifend quam a odio. In hac habitasse platea dictumst.

Maecenas ut massa quis augue luctus tincidunt. Nulla mollis molestie lorem. Quisque ut erat.', 2, '2021-09-06 16:48:45', 8);
insert into blog (id, content, title, create_at, account_id) values (78, 'Nulla ut erat id mauris vulputate elementum. Nullam varius. Nulla facilisi.

Cras non velit nec nisi vulputate nonummy. Maecenas tincidunt lacus at velit. Vivamus vel nulla eget eros elementum pellentesque.', 3, '2022-04-08 04:30:28', 2);
insert into blog (id, content, title, create_at, account_id) values (79, 'Duis bibendum, felis sed interdum venenatis, turpis enim blandit mi, in porttitor pede justo eu massa. Donec dapibus. Duis at velit eu est congue elementum.

In hac habitasse platea dictumst. Morbi vestibulum, velit id pretium iaculis, diam erat fermentum justo, nec condimentum neque sapien placerat ante. Nulla justo.

Aliquam quis turpis eget elit sodales scelerisque. Mauris sit amet eros. Suspendisse accumsan tortor quis turpis.

Sed ante. Vivamus tortor. Duis mattis egestas metus.', 1, '2022-03-02 09:46:51', 5);
insert into blog (id, content, title, create_at, account_id) values (80, 'Cras mi pede, malesuada in, imperdiet et, commodo vulputate, justo. In blandit ultrices enim. Lorem ipsum dolor sit amet, consectetuer adipiscing elit.

Proin interdum mauris non ligula pellentesque ultrices. Phasellus id sapien in sapien iaculis congue. Vivamus metus arcu, adipiscing molestie, hendrerit at, vulputate vitae, nisl.

Aenean lectus. Pellentesque eget nunc. Donec quis orci eget orci vehicula condimentum.', 2, '2022-07-28 21:28:02', 2);
insert into blog (id, content, title, create_at, account_id) values (81, 'Curabitur in libero ut massa volutpat convallis. Morbi odio odio, elementum eu, interdum eu, tincidunt in, leo. Maecenas pulvinar lobortis est.

Phasellus sit amet erat. Nulla tempus. Vivamus in felis eu sapien cursus vestibulum.

Proin eu mi. Nulla ac enim. In tempor, turpis nec euismod scelerisque, quam turpis adipiscing lorem, vitae mattis nibh ligula nec sem.

Duis aliquam convallis nunc. Proin at turpis a pede posuere nonummy. Integer non velit.', 3, '2021-11-12 12:15:10', 6);
insert into blog (id, content, title, create_at, account_id) values (82, 'Morbi porttitor lorem id ligula. Suspendisse ornare consequat lectus. In est risus, auctor sed, tristique in, tempus sit amet, sem.

Fusce consequat. Nulla nisl. Nunc nisl.

Duis bibendum, felis sed interdum venenatis, turpis enim blandit mi, in porttitor pede justo eu massa. Donec dapibus. Duis at velit eu est congue elementum.', 1, '2022-07-20 18:49:51', 4);
insert into blog (id, content, title, create_at, account_id) values (83, 'Morbi porttitor lorem id ligula. Suspendisse ornare consequat lectus. In est risus, auctor sed, tristique in, tempus sit amet, sem.

Fusce consequat. Nulla nisl. Nunc nisl.

Duis bibendum, felis sed interdum venenatis, turpis enim blandit mi, in porttitor pede justo eu massa. Donec dapibus. Duis at velit eu est congue elementum.

In hac habitasse platea dictumst. Morbi vestibulum, velit id pretium iaculis, diam erat fermentum justo, nec condimentum neque sapien placerat ante. Nulla justo.', 2, '2022-05-22 23:38:14', 9);
insert into blog (id, content, title, create_at, account_id) values (84, 'Cras mi pede, malesuada in, imperdiet et, commodo vulputate, justo. In blandit ultrices enim. Lorem ipsum dolor sit amet, consectetuer adipiscing elit.

Proin interdum mauris non ligula pellentesque ultrices. Phasellus id sapien in sapien iaculis congue. Vivamus metus arcu, adipiscing molestie, hendrerit at, vulputate vitae, nisl.', 3, '2022-04-28 02:28:02', 3);
insert into blog (id, content, title, create_at, account_id) values (85, 'Nullam porttitor lacus at turpis. Donec posuere metus vitae ipsum. Aliquam non mauris.

Morbi non lectus. Aliquam sit amet diam in magna bibendum imperdiet. Nullam orci pede, venenatis non, sodales sed, tincidunt eu, felis.', 1, '2022-03-10 05:45:36', 1);
insert into blog (id, content, title, create_at, account_id) values (86, 'Lorem ipsum dolor sit amet, consectetuer adipiscing elit. Proin risus. Praesent lectus.

Vestibulum quam sapien, varius ut, blandit non, interdum in, ante. Vestibulum ante ipsum primis in faucibus orci luctus et ultrices posuere cubilia Curae; Duis faucibus accumsan odio. Curabitur convallis.

Duis consequat dui nec nisi volutpat eleifend. Donec ut dolor. Morbi vel lectus in quam fringilla rhoncus.

Mauris enim leo, rhoncus sed, vestibulum sit amet, cursus id, turpis. Integer aliquet, massa id lobortis convallis, tortor risus dapibus augue, vel accumsan tellus nisi eu orci. Mauris lacinia sapien quis libero.', 2, '2022-05-01 04:26:56', 9);
insert into blog (id, content, title, create_at, account_id) values (87, 'Maecenas tristique, est et tempus semper, est quam pharetra magna, ac consequat metus sapien ut nunc. Vestibulum ante ipsum primis in faucibus orci luctus et ultrices posuere cubilia Curae; Mauris viverra diam vitae quam. Suspendisse potenti.

Nullam porttitor lacus at turpis. Donec posuere metus vitae ipsum. Aliquam non mauris.

Morbi non lectus. Aliquam sit amet diam in magna bibendum imperdiet. Nullam orci pede, venenatis non, sodales sed, tincidunt eu, felis.', 3, '2021-10-22 02:30:41', 1);
insert into blog (id, content, title, create_at, account_id) values (88, 'Phasellus in felis. Donec semper sapien a libero. Nam dui.

Proin leo odio, porttitor id, consequat in, consequat ut, nulla. Sed accumsan felis. Ut at dolor quis odio consequat varius.', 1, '2022-01-13 19:02:39', 2);
insert into blog (id, content, title, create_at, account_id) values (89, 'Praesent blandit. Nam nulla. Integer pede justo, lacinia eget, tincidunt eget, tempus vel, pede.

Morbi porttitor lorem id ligula. Suspendisse ornare consequat lectus. In est risus, auctor sed, tristique in, tempus sit amet, sem.

Fusce consequat. Nulla nisl. Nunc nisl.

Duis bibendum, felis sed interdum venenatis, turpis enim blandit mi, in porttitor pede justo eu massa. Donec dapibus. Duis at velit eu est congue elementum.', 2, '2022-05-20 04:24:38', 1);
insert into blog (id, content, title, create_at, account_id) values (90, 'Phasellus sit amet erat. Nulla tempus. Vivamus in felis eu sapien cursus vestibulum.

Proin eu mi. Nulla ac enim. In tempor, turpis nec euismod scelerisque, quam turpis adipiscing lorem, vitae mattis nibh ligula nec sem.

Duis aliquam convallis nunc. Proin at turpis a pede posuere nonummy. Integer non velit.', 3, '2022-03-11 04:54:27', 1);
insert into blog (id, content, title, create_at, account_id) values (91, 'Quisque id justo sit amet sapien dignissim vestibulum. Vestibulum ante ipsum primis in faucibus orci luctus et ultrices posuere cubilia Curae; Nulla dapibus dolor vel est. Donec odio justo, sollicitudin ut, suscipit a, feugiat et, eros.

Vestibulum ac est lacinia nisi venenatis tristique. Fusce congue, diam id ornare imperdiet, sapien urna pretium nisl, ut volutpat sapien arcu sed augue. Aliquam erat volutpat.', 1, '2022-01-28 00:57:14', 10);
insert into blog (id, content, title, create_at, account_id) values (92, 'Nullam porttitor lacus at turpis. Donec posuere metus vitae ipsum. Aliquam non mauris.

Morbi non lectus. Aliquam sit amet diam in magna bibendum imperdiet. Nullam orci pede, venenatis non, sodales sed, tincidunt eu, felis.', 2, '2022-04-12 14:17:43', 5);
insert into blog (id, content, title, create_at, account_id) values (93, 'Praesent id massa id nisl venenatis lacinia. Aenean sit amet justo. Morbi ut odio.

Cras mi pede, malesuada in, imperdiet et, commodo vulputate, justo. In blandit ultrices enim. Lorem ipsum dolor sit amet, consectetuer adipiscing elit.

Proin interdum mauris non ligula pellentesque ultrices. Phasellus id sapien in sapien iaculis congue. Vivamus metus arcu, adipiscing molestie, hendrerit at, vulputate vitae, nisl.

Aenean lectus. Pellentesque eget nunc. Donec quis orci eget orci vehicula condimentum.', 3, '2022-01-08 23:03:39', 3);
insert into blog (id, content, title, create_at, account_id) values (94, 'In hac habitasse platea dictumst. Etiam faucibus cursus urna. Ut tellus.

Nulla ut erat id mauris vulputate elementum. Nullam varius. Nulla facilisi.', 1, '2022-02-23 12:59:00', 9);
insert into blog (id, content, title, create_at, account_id) values (95, 'Integer ac leo. Pellentesque ultrices mattis odio. Donec vitae nisi.

Nam ultrices, libero non mattis pulvinar, nulla pede ullamcorper augue, a suscipit nulla elit ac nulla. Sed vel enim sit amet nunc viverra dapibus. Nulla suscipit ligula in lacus.', 2, '2022-03-15 16:25:01', 5);
insert into blog (id, content, title, create_at, account_id) values (96, 'Maecenas tristique, est et tempus semper, est quam pharetra magna, ac consequat metus sapien ut nunc. Vestibulum ante ipsum primis in faucibus orci luctus et ultrices posuere cubilia Curae; Mauris viverra diam vitae quam. Suspendisse potenti.

Nullam porttitor lacus at turpis. Donec posuere metus vitae ipsum. Aliquam non mauris.

Morbi non lectus. Aliquam sit amet diam in magna bibendum imperdiet. Nullam orci pede, venenatis non, sodales sed, tincidunt eu, felis.', 3, '2021-10-21 16:50:08', 7);
insert into blog (id, content, title, create_at, account_id) values (97, 'Cras non velit nec nisi vulputate nonummy. Maecenas tincidunt lacus at velit. Vivamus vel nulla eget eros elementum pellentesque.

Quisque porta volutpat erat. Quisque erat eros, viverra eget, congue eget, semper rutrum, nulla. Nunc purus.

Phasellus in felis. Donec semper sapien a libero. Nam dui.

Proin leo odio, porttitor id, consequat in, consequat ut, nulla. Sed accumsan felis. Ut at dolor quis odio consequat varius.', 1, '2022-08-07 13:06:51', 4);
insert into blog (id, content, title, create_at, account_id) values (98, 'In hac habitasse platea dictumst. Etiam faucibus cursus urna. Ut tellus.

Nulla ut erat id mauris vulputate elementum. Nullam varius. Nulla facilisi.

Cras non velit nec nisi vulputate nonummy. Maecenas tincidunt lacus at velit. Vivamus vel nulla eget eros elementum pellentesque.

Quisque porta volutpat erat. Quisque erat eros, viverra eget, congue eget, semper rutrum, nulla. Nunc purus.', 2, '2022-07-05 09:44:01', 7);
insert into blog (id, content, title, create_at, account_id) values (99, 'Integer tincidunt ante vel ipsum. Praesent blandit lacinia erat. Vestibulum sed magna at nunc commodo placerat.

Praesent blandit. Nam nulla. Integer pede justo, lacinia eget, tincidunt eget, tempus vel, pede.

Morbi porttitor lorem id ligula. Suspendisse ornare consequat lectus. In est risus, auctor sed, tristique in, tempus sit amet, sem.', 3, '2022-02-06 17:23:52', 7);
insert into blog (id, content, title, create_at, account_id) values (100, 'Pellentesque at nulla. Suspendisse potenti. Cras in purus eu magna vulputate luctus.

Cum sociis natoque penatibus et magnis dis parturient montes, nascetur ridiculus mus. Vivamus vestibulum sagittis sapien. Cum sociis natoque penatibus et magnis dis parturient montes, nascetur ridiculus mus.', 1, '2021-11-15 21:40:36', 5);
insert into blog (id, content, title, create_at, account_id) values (101, 'Suspendisse potenti. In eleifend quam a odio. In hac habitasse platea dictumst.

Maecenas ut massa quis augue luctus tincidunt. Nulla mollis molestie lorem. Quisque ut erat.

Curabitur gravida nisi at nibh. In hac habitasse platea dictumst. Aliquam augue quam, sollicitudin vitae, consectetuer eget, rutrum at, lorem.', 2, '2021-12-11 22:21:22', 9);
insert into blog (id, content, title, create_at, account_id) values (102, 'Proin leo odio, porttitor id, consequat in, consequat ut, nulla. Sed accumsan felis. Ut at dolor quis odio consequat varius.

Integer ac leo. Pellentesque ultrices mattis odio. Donec vitae nisi.

Nam ultrices, libero non mattis pulvinar, nulla pede ullamcorper augue, a suscipit nulla elit ac nulla. Sed vel enim sit amet nunc viverra dapibus. Nulla suscipit ligula in lacus.', 3, '2022-01-14 06:49:07', 1);
insert into blog (id, content, title, create_at, account_id) values (103, 'Duis aliquam convallis nunc. Proin at turpis a pede posuere nonummy. Integer non velit.

Donec diam neque, vestibulum eget, vulputate ut, ultrices vel, augue. Vestibulum ante ipsum primis in faucibus orci luctus et ultrices posuere cubilia Curae; Donec pharetra, magna vestibulum aliquet ultrices, erat tortor sollicitudin mi, sit amet lobortis sapien sapien non mi. Integer ac neque.', 1, '2022-04-14 21:34:09', 6);
insert into blog (id, content, title, create_at, account_id) values (104, 'Sed ante. Vivamus tortor. Duis mattis egestas metus.

Aenean fermentum. Donec ut mauris eget massa tempor convallis. Nulla neque libero, convallis eget, eleifend luctus, ultricies eu, nibh.

Quisque id justo sit amet sapien dignissim vestibulum. Vestibulum ante ipsum primis in faucibus orci luctus et ultrices posuere cubilia Curae; Nulla dapibus dolor vel est. Donec odio justo, sollicitudin ut, suscipit a, feugiat et, eros.

Vestibulum ac est lacinia nisi venenatis tristique. Fusce congue, diam id ornare imperdiet, sapien urna pretium nisl, ut volutpat sapien arcu sed augue. Aliquam erat volutpat.', 2, '2021-09-13 19:42:09', 10);
insert into blog (id, content, title, create_at, account_id) values (105, 'Maecenas leo odio, condimentum id, luctus nec, molestie sed, justo. Pellentesque viverra pede ac diam. Cras pellentesque volutpat dui.

Maecenas tristique, est et tempus semper, est quam pharetra magna, ac consequat metus sapien ut nunc. Vestibulum ante ipsum primis in faucibus orci luctus et ultrices posuere cubilia Curae; Mauris viverra diam vitae quam. Suspendisse potenti.

Nullam porttitor lacus at turpis. Donec posuere metus vitae ipsum. Aliquam non mauris.

Morbi non lectus. Aliquam sit amet diam in magna bibendum imperdiet. Nullam orci pede, venenatis non, sodales sed, tincidunt eu, felis.', 3, '2021-09-16 00:52:34', 4);
insert into blog (id, content, title, create_at, account_id) values (106, 'Vestibulum ac est lacinia nisi venenatis tristique. Fusce congue, diam id ornare imperdiet, sapien urna pretium nisl, ut volutpat sapien arcu sed augue. Aliquam erat volutpat.

In congue. Etiam justo. Etiam pretium iaculis justo.

In hac habitasse platea dictumst. Etiam faucibus cursus urna. Ut tellus.', 1, '2021-09-28 05:09:49', 1);
insert into blog (id, content, title, create_at, account_id) values (107, 'Sed sagittis. Nam congue, risus semper porta volutpat, quam pede lobortis ligula, sit amet eleifend pede libero quis orci. Nullam molestie nibh in lectus.

Pellentesque at nulla. Suspendisse potenti. Cras in purus eu magna vulputate luctus.

Cum sociis natoque penatibus et magnis dis parturient montes, nascetur ridiculus mus. Vivamus vestibulum sagittis sapien. Cum sociis natoque penatibus et magnis dis parturient montes, nascetur ridiculus mus.', 2, '2021-11-16 16:34:09', 6);
insert into blog (id, content, title, create_at, account_id) values (108, 'In quis justo. Maecenas rhoncus aliquam lacus. Morbi quis tortor id nulla ultrices aliquet.

Maecenas leo odio, condimentum id, luctus nec, molestie sed, justo. Pellentesque viverra pede ac diam. Cras pellentesque volutpat dui.', 3, '2021-12-10 17:50:56', 5);
insert into blog (id, content, title, create_at, account_id) values (109, 'In sagittis dui vel nisl. Duis ac nibh. Fusce lacus purus, aliquet at, feugiat non, pretium quis, lectus.

Suspendisse potenti. In eleifend quam a odio. In hac habitasse platea dictumst.

Maecenas ut massa quis augue luctus tincidunt. Nulla mollis molestie lorem. Quisque ut erat.', 1, '2022-07-22 23:05:25', 3);
insert into blog (id, content, title, create_at, account_id) values (110, 'Fusce consequat. Nulla nisl. Nunc nisl.

Duis bibendum, felis sed interdum venenatis, turpis enim blandit mi, in porttitor pede justo eu massa. Donec dapibus. Duis at velit eu est congue elementum.

In hac habitasse platea dictumst. Morbi vestibulum, velit id pretium iaculis, diam erat fermentum justo, nec condimentum neque sapien placerat ante. Nulla justo.

Aliquam quis turpis eget elit sodales scelerisque. Mauris sit amet eros. Suspendisse accumsan tortor quis turpis.', 2, '2021-12-29 14:16:38', 4);
insert into blog (id, content, title, create_at, account_id) values (111, 'Praesent blandit. Nam nulla. Integer pede justo, lacinia eget, tincidunt eget, tempus vel, pede.

Morbi porttitor lorem id ligula. Suspendisse ornare consequat lectus. In est risus, auctor sed, tristique in, tempus sit amet, sem.', 3, '2022-04-06 04:03:30', 3);
insert into blog (id, content, title, create_at, account_id) values (112, 'Sed sagittis. Nam congue, risus semper porta volutpat, quam pede lobortis ligula, sit amet eleifend pede libero quis orci. Nullam molestie nibh in lectus.

Pellentesque at nulla. Suspendisse potenti. Cras in purus eu magna vulputate luctus.

Cum sociis natoque penatibus et magnis dis parturient montes, nascetur ridiculus mus. Vivamus vestibulum sagittis sapien. Cum sociis natoque penatibus et magnis dis parturient montes, nascetur ridiculus mus.', 1, '2022-03-01 23:57:20', 4);
insert into blog (id, content, title, create_at, account_id) values (113, 'Duis consequat dui nec nisi volutpat eleifend. Donec ut dolor. Morbi vel lectus in quam fringilla rhoncus.

Mauris enim leo, rhoncus sed, vestibulum sit amet, cursus id, turpis. Integer aliquet, massa id lobortis convallis, tortor risus dapibus augue, vel accumsan tellus nisi eu orci. Mauris lacinia sapien quis libero.', 2, '2022-01-26 00:34:48', 1);
insert into blog (id, content, title, create_at, account_id) values (114, 'Proin leo odio, porttitor id, consequat in, consequat ut, nulla. Sed accumsan felis. Ut at dolor quis odio consequat varius.

Integer ac leo. Pellentesque ultrices mattis odio. Donec vitae nisi.

Nam ultrices, libero non mattis pulvinar, nulla pede ullamcorper augue, a suscipit nulla elit ac nulla. Sed vel enim sit amet nunc viverra dapibus. Nulla suscipit ligula in lacus.

Curabitur at ipsum ac tellus semper interdum. Mauris ullamcorper purus sit amet nulla. Quisque arcu libero, rutrum ac, lobortis vel, dapibus at, diam.', 3, '2022-01-02 05:13:56', 7);
insert into blog (id, content, title, create_at, account_id) values (115, 'Suspendisse potenti. In eleifend quam a odio. In hac habitasse platea dictumst.

Maecenas ut massa quis augue luctus tincidunt. Nulla mollis molestie lorem. Quisque ut erat.

Curabitur gravida nisi at nibh. In hac habitasse platea dictumst. Aliquam augue quam, sollicitudin vitae, consectetuer eget, rutrum at, lorem.

Integer tincidunt ante vel ipsum. Praesent blandit lacinia erat. Vestibulum sed magna at nunc commodo placerat.', 1, '2022-04-21 07:42:37', 5);
insert into blog (id, content, title, create_at, account_id) values (116, 'Pellentesque at nulla. Suspendisse potenti. Cras in purus eu magna vulputate luctus.

Cum sociis natoque penatibus et magnis dis parturient montes, nascetur ridiculus mus. Vivamus vestibulum sagittis sapien. Cum sociis natoque penatibus et magnis dis parturient montes, nascetur ridiculus mus.

Etiam vel augue. Vestibulum rutrum rutrum neque. Aenean auctor gravida sem.

Praesent id massa id nisl venenatis lacinia. Aenean sit amet justo. Morbi ut odio.', 2, '2022-06-01 03:12:54', 10);
insert into blog (id, content, title, create_at, account_id) values (117, 'Curabitur gravida nisi at nibh. In hac habitasse platea dictumst. Aliquam augue quam, sollicitudin vitae, consectetuer eget, rutrum at, lorem.

Integer tincidunt ante vel ipsum. Praesent blandit lacinia erat. Vestibulum sed magna at nunc commodo placerat.

Praesent blandit. Nam nulla. Integer pede justo, lacinia eget, tincidunt eget, tempus vel, pede.', 3, '2022-03-12 14:36:02', 4);
insert into blog (id, content, title, create_at, account_id) values (118, 'Vestibulum quam sapien, varius ut, blandit non, interdum in, ante. Vestibulum ante ipsum primis in faucibus orci luctus et ultrices posuere cubilia Curae; Duis faucibus accumsan odio. Curabitur convallis.

Duis consequat dui nec nisi volutpat eleifend. Donec ut dolor. Morbi vel lectus in quam fringilla rhoncus.

Mauris enim leo, rhoncus sed, vestibulum sit amet, cursus id, turpis. Integer aliquet, massa id lobortis convallis, tortor risus dapibus augue, vel accumsan tellus nisi eu orci. Mauris lacinia sapien quis libero.

Nullam sit amet turpis elementum ligula vehicula consequat. Morbi a ipsum. Integer a nibh.', 1, '2022-07-28 22:07:36', 10);
insert into blog (id, content, title, create_at, account_id) values (119, 'Vestibulum ac est lacinia nisi venenatis tristique. Fusce congue, diam id ornare imperdiet, sapien urna pretium nisl, ut volutpat sapien arcu sed augue. Aliquam erat volutpat.

In congue. Etiam justo. Etiam pretium iaculis justo.

In hac habitasse platea dictumst. Etiam faucibus cursus urna. Ut tellus.', 2, '2022-01-10 09:49:29', 3);
insert into blog (id, content, title, create_at, account_id) values (120, 'Curabitur in libero ut massa volutpat convallis. Morbi odio odio, elementum eu, interdum eu, tincidunt in, leo. Maecenas pulvinar lobortis est.

Phasellus sit amet erat. Nulla tempus. Vivamus in felis eu sapien cursus vestibulum.

Proin eu mi. Nulla ac enim. In tempor, turpis nec euismod scelerisque, quam turpis adipiscing lorem, vitae mattis nibh ligula nec sem.', 3, '2021-12-31 18:55:41', 9);
insert into blog (id, content, title, create_at, account_id) values (121, 'Maecenas tristique, est et tempus semper, est quam pharetra magna, ac consequat metus sapien ut nunc. Vestibulum ante ipsum primis in faucibus orci luctus et ultrices posuere cubilia Curae; Mauris viverra diam vitae quam. Suspendisse potenti.

Nullam porttitor lacus at turpis. Donec posuere metus vitae ipsum. Aliquam non mauris.

Morbi non lectus. Aliquam sit amet diam in magna bibendum imperdiet. Nullam orci pede, venenatis non, sodales sed, tincidunt eu, felis.

Fusce posuere felis sed lacus. Morbi sem mauris, laoreet ut, rhoncus aliquet, pulvinar sed, nisl. Nunc rhoncus dui vel sem.', 1, '2021-10-13 07:14:29', 8);
insert into blog (id, content, title, create_at, account_id) values (122, 'Aliquam quis turpis eget elit sodales scelerisque. Mauris sit amet eros. Suspendisse accumsan tortor quis turpis.

Sed ante. Vivamus tortor. Duis mattis egestas metus.

Aenean fermentum. Donec ut mauris eget massa tempor convallis. Nulla neque libero, convallis eget, eleifend luctus, ultricies eu, nibh.

Quisque id justo sit amet sapien dignissim vestibulum. Vestibulum ante ipsum primis in faucibus orci luctus et ultrices posuere cubilia Curae; Nulla dapibus dolor vel est. Donec odio justo, sollicitudin ut, suscipit a, feugiat et, eros.', 2, '2022-06-11 06:47:00', 8);
insert into blog (id, content, title, create_at, account_id) values (123, 'Cras non velit nec nisi vulputate nonummy. Maecenas tincidunt lacus at velit. Vivamus vel nulla eget eros elementum pellentesque.

Quisque porta volutpat erat. Quisque erat eros, viverra eget, congue eget, semper rutrum, nulla. Nunc purus.

Phasellus in felis. Donec semper sapien a libero. Nam dui.', 3, '2022-04-19 16:03:41', 9);
insert into blog (id, content, title, create_at, account_id) values (124, 'Maecenas ut massa quis augue luctus tincidunt. Nulla mollis molestie lorem. Quisque ut erat.

Curabitur gravida nisi at nibh. In hac habitasse platea dictumst. Aliquam augue quam, sollicitudin vitae, consectetuer eget, rutrum at, lorem.

Integer tincidunt ante vel ipsum. Praesent blandit lacinia erat. Vestibulum sed magna at nunc commodo placerat.

Praesent blandit. Nam nulla. Integer pede justo, lacinia eget, tincidunt eget, tempus vel, pede.', 1, '2022-05-01 22:48:40', 8);
insert into blog (id, content, title, create_at, account_id) values (125, 'Sed ante. Vivamus tortor. Duis mattis egestas metus.

Aenean fermentum. Donec ut mauris eget massa tempor convallis. Nulla neque libero, convallis eget, eleifend luctus, ultricies eu, nibh.', 2, '2021-12-02 20:24:05', 9);
insert into blog (id, content, title, create_at, account_id) values (126, 'Donec diam neque, vestibulum eget, vulputate ut, ultrices vel, augue. Vestibulum ante ipsum primis in faucibus orci luctus et ultrices posuere cubilia Curae; Donec pharetra, magna vestibulum aliquet ultrices, erat tortor sollicitudin mi, sit amet lobortis sapien sapien non mi. Integer ac neque.

Duis bibendum. Morbi non quam nec dui luctus rutrum. Nulla tellus.', 3, '2022-07-29 00:24:20', 6);
insert into blog (id, content, title, create_at, account_id) values (127, 'Etiam vel augue. Vestibulum rutrum rutrum neque. Aenean auctor gravida sem.

Praesent id massa id nisl venenatis lacinia. Aenean sit amet justo. Morbi ut odio.

Cras mi pede, malesuada in, imperdiet et, commodo vulputate, justo. In blandit ultrices enim. Lorem ipsum dolor sit amet, consectetuer adipiscing elit.

Proin interdum mauris non ligula pellentesque ultrices. Phasellus id sapien in sapien iaculis congue. Vivamus metus arcu, adipiscing molestie, hendrerit at, vulputate vitae, nisl.', 1, '2022-04-02 04:05:46', 10);
insert into blog (id, content, title, create_at, account_id) values (128, 'Proin leo odio, porttitor id, consequat in, consequat ut, nulla. Sed accumsan felis. Ut at dolor quis odio consequat varius.

Integer ac leo. Pellentesque ultrices mattis odio. Donec vitae nisi.', 2, '2022-05-23 19:17:57', 3);
insert into blog (id, content, title, create_at, account_id) values (129, 'Aliquam quis turpis eget elit sodales scelerisque. Mauris sit amet eros. Suspendisse accumsan tortor quis turpis.

Sed ante. Vivamus tortor. Duis mattis egestas metus.

Aenean fermentum. Donec ut mauris eget massa tempor convallis. Nulla neque libero, convallis eget, eleifend luctus, ultricies eu, nibh.

Quisque id justo sit amet sapien dignissim vestibulum. Vestibulum ante ipsum primis in faucibus orci luctus et ultrices posuere cubilia Curae; Nulla dapibus dolor vel est. Donec odio justo, sollicitudin ut, suscipit a, feugiat et, eros.', 3, '2022-05-13 13:36:28', 5);
insert into blog (id, content, title, create_at, account_id) values (130, 'Maecenas tristique, est et tempus semper, est quam pharetra magna, ac consequat metus sapien ut nunc. Vestibulum ante ipsum primis in faucibus orci luctus et ultrices posuere cubilia Curae; Mauris viverra diam vitae quam. Suspendisse potenti.

Nullam porttitor lacus at turpis. Donec posuere metus vitae ipsum. Aliquam non mauris.

Morbi non lectus. Aliquam sit amet diam in magna bibendum imperdiet. Nullam orci pede, venenatis non, sodales sed, tincidunt eu, felis.', 1, '2022-02-11 21:47:14', 8);
insert into blog (id, content, title, create_at, account_id) values (131, 'Nullam sit amet turpis elementum ligula vehicula consequat. Morbi a ipsum. Integer a nibh.

In quis justo. Maecenas rhoncus aliquam lacus. Morbi quis tortor id nulla ultrices aliquet.', 2, '2021-09-16 17:16:48', 8);
insert into blog (id, content, title, create_at, account_id) values (132, 'Integer tincidunt ante vel ipsum. Praesent blandit lacinia erat. Vestibulum sed magna at nunc commodo placerat.

Praesent blandit. Nam nulla. Integer pede justo, lacinia eget, tincidunt eget, tempus vel, pede.

Morbi porttitor lorem id ligula. Suspendisse ornare consequat lectus. In est risus, auctor sed, tristique in, tempus sit amet, sem.', 3, '2022-02-02 06:34:28', 1);
insert into blog (id, content, title, create_at, account_id) values (133, 'Phasellus sit amet erat. Nulla tempus. Vivamus in felis eu sapien cursus vestibulum.

Proin eu mi. Nulla ac enim. In tempor, turpis nec euismod scelerisque, quam turpis adipiscing lorem, vitae mattis nibh ligula nec sem.', 1, '2022-05-23 11:10:51', 8);
insert into blog (id, content, title, create_at, account_id) values (134, 'Vestibulum quam sapien, varius ut, blandit non, interdum in, ante. Vestibulum ante ipsum primis in faucibus orci luctus et ultrices posuere cubilia Curae; Duis faucibus accumsan odio. Curabitur convallis.

Duis consequat dui nec nisi volutpat eleifend. Donec ut dolor. Morbi vel lectus in quam fringilla rhoncus.', 2, '2022-01-04 17:09:33', 2);
insert into blog (id, content, title, create_at, account_id) values (135, 'Aenean fermentum. Donec ut mauris eget massa tempor convallis. Nulla neque libero, convallis eget, eleifend luctus, ultricies eu, nibh.

Quisque id justo sit amet sapien dignissim vestibulum. Vestibulum ante ipsum primis in faucibus orci luctus et ultrices posuere cubilia Curae; Nulla dapibus dolor vel est. Donec odio justo, sollicitudin ut, suscipit a, feugiat et, eros.

Vestibulum ac est lacinia nisi venenatis tristique. Fusce congue, diam id ornare imperdiet, sapien urna pretium nisl, ut volutpat sapien arcu sed augue. Aliquam erat volutpat.', 3, '2022-06-18 04:23:09', 1);
insert into blog (id, content, title, create_at, account_id) values (136, 'Donec diam neque, vestibulum eget, vulputate ut, ultrices vel, augue. Vestibulum ante ipsum primis in faucibus orci luctus et ultrices posuere cubilia Curae; Donec pharetra, magna vestibulum aliquet ultrices, erat tortor sollicitudin mi, sit amet lobortis sapien sapien non mi. Integer ac neque.

Duis bibendum. Morbi non quam nec dui luctus rutrum. Nulla tellus.

In sagittis dui vel nisl. Duis ac nibh. Fusce lacus purus, aliquet at, feugiat non, pretium quis, lectus.', 1, '2022-04-02 21:47:40', 9);
insert into blog (id, content, title, create_at, account_id) values (137, 'Etiam vel augue. Vestibulum rutrum rutrum neque. Aenean auctor gravida sem.

Praesent id massa id nisl venenatis lacinia. Aenean sit amet justo. Morbi ut odio.', 2, '2022-02-06 19:35:20', 8);
insert into blog (id, content, title, create_at, account_id) values (138, 'Quisque porta volutpat erat. Quisque erat eros, viverra eget, congue eget, semper rutrum, nulla. Nunc purus.

Phasellus in felis. Donec semper sapien a libero. Nam dui.', 3, '2021-08-20 06:12:06', 2);
insert into blog (id, content, title, create_at, account_id) values (139, 'Integer tincidunt ante vel ipsum. Praesent blandit lacinia erat. Vestibulum sed magna at nunc commodo placerat.

Praesent blandit. Nam nulla. Integer pede justo, lacinia eget, tincidunt eget, tempus vel, pede.

Morbi porttitor lorem id ligula. Suspendisse ornare consequat lectus. In est risus, auctor sed, tristique in, tempus sit amet, sem.', 1, '2021-11-07 06:54:03', 6);
insert into blog (id, content, title, create_at, account_id) values (140, 'Curabitur gravida nisi at nibh. In hac habitasse platea dictumst. Aliquam augue quam, sollicitudin vitae, consectetuer eget, rutrum at, lorem.

Integer tincidunt ante vel ipsum. Praesent blandit lacinia erat. Vestibulum sed magna at nunc commodo placerat.

Praesent blandit. Nam nulla. Integer pede justo, lacinia eget, tincidunt eget, tempus vel, pede.', 2, '2021-12-05 21:55:14', 1);
insert into blog (id, content, title, create_at, account_id) values (141, 'Sed sagittis. Nam congue, risus semper porta volutpat, quam pede lobortis ligula, sit amet eleifend pede libero quis orci. Nullam molestie nibh in lectus.

Pellentesque at nulla. Suspendisse potenti. Cras in purus eu magna vulputate luctus.

Cum sociis natoque penatibus et magnis dis parturient montes, nascetur ridiculus mus. Vivamus vestibulum sagittis sapien. Cum sociis natoque penatibus et magnis dis parturient montes, nascetur ridiculus mus.', 3, '2022-07-26 00:07:50', 1);
insert into blog (id, content, title, create_at, account_id) values (142, 'Cras non velit nec nisi vulputate nonummy. Maecenas tincidunt lacus at velit. Vivamus vel nulla eget eros elementum pellentesque.

Quisque porta volutpat erat. Quisque erat eros, viverra eget, congue eget, semper rutrum, nulla. Nunc purus.

Phasellus in felis. Donec semper sapien a libero. Nam dui.', 1, '2022-02-21 14:38:27', 7);
insert into blog (id, content, title, create_at, account_id) values (143, 'In quis justo. Maecenas rhoncus aliquam lacus. Morbi quis tortor id nulla ultrices aliquet.

Maecenas leo odio, condimentum id, luctus nec, molestie sed, justo. Pellentesque viverra pede ac diam. Cras pellentesque volutpat dui.

Maecenas tristique, est et tempus semper, est quam pharetra magna, ac consequat metus sapien ut nunc. Vestibulum ante ipsum primis in faucibus orci luctus et ultrices posuere cubilia Curae; Mauris viverra diam vitae quam. Suspendisse potenti.

Nullam porttitor lacus at turpis. Donec posuere metus vitae ipsum. Aliquam non mauris.', 2, '2022-06-01 09:11:31', 5);
insert into blog (id, content, title, create_at, account_id) values (144, 'Maecenas tristique, est et tempus semper, est quam pharetra magna, ac consequat metus sapien ut nunc. Vestibulum ante ipsum primis in faucibus orci luctus et ultrices posuere cubilia Curae; Mauris viverra diam vitae quam. Suspendisse potenti.

Nullam porttitor lacus at turpis. Donec posuere metus vitae ipsum. Aliquam non mauris.

Morbi non lectus. Aliquam sit amet diam in magna bibendum imperdiet. Nullam orci pede, venenatis non, sodales sed, tincidunt eu, felis.', 3, '2022-02-16 20:09:48', 10);
insert into blog (id, content, title, create_at, account_id) values (145, 'Praesent id massa id nisl venenatis lacinia. Aenean sit amet justo. Morbi ut odio.

Cras mi pede, malesuada in, imperdiet et, commodo vulputate, justo. In blandit ultrices enim. Lorem ipsum dolor sit amet, consectetuer adipiscing elit.

Proin interdum mauris non ligula pellentesque ultrices. Phasellus id sapien in sapien iaculis congue. Vivamus metus arcu, adipiscing molestie, hendrerit at, vulputate vitae, nisl.

Aenean lectus. Pellentesque eget nunc. Donec quis orci eget orci vehicula condimentum.', 1, '2022-02-08 07:39:44', 4);
insert into blog (id, content, title, create_at, account_id) values (146, 'Praesent blandit. Nam nulla. Integer pede justo, lacinia eget, tincidunt eget, tempus vel, pede.

Morbi porttitor lorem id ligula. Suspendisse ornare consequat lectus. In est risus, auctor sed, tristique in, tempus sit amet, sem.', 2, '2022-06-10 03:20:37', 8);
insert into blog (id, content, title, create_at, account_id) values (147, 'Vestibulum quam sapien, varius ut, blandit non, interdum in, ante. Vestibulum ante ipsum primis in faucibus orci luctus et ultrices posuere cubilia Curae; Duis faucibus accumsan odio. Curabitur convallis.

Duis consequat dui nec nisi volutpat eleifend. Donec ut dolor. Morbi vel lectus in quam fringilla rhoncus.', 3, '2022-01-03 00:43:38', 4);
insert into blog (id, content, title, create_at, account_id) values (148, 'Fusce consequat. Nulla nisl. Nunc nisl.

Duis bibendum, felis sed interdum venenatis, turpis enim blandit mi, in porttitor pede justo eu massa. Donec dapibus. Duis at velit eu est congue elementum.', 1, '2022-03-15 16:13:55', 8);
insert into blog (id, content, title, create_at, account_id) values (149, 'Praesent blandit. Nam nulla. Integer pede justo, lacinia eget, tincidunt eget, tempus vel, pede.

Morbi porttitor lorem id ligula. Suspendisse ornare consequat lectus. In est risus, auctor sed, tristique in, tempus sit amet, sem.

Fusce consequat. Nulla nisl. Nunc nisl.

Duis bibendum, felis sed interdum venenatis, turpis enim blandit mi, in porttitor pede justo eu massa. Donec dapibus. Duis at velit eu est congue elementum.', 2, '2022-06-24 19:41:12', 10);
insert into blog (id, content, title, create_at, account_id) values (150, 'Nullam sit amet turpis elementum ligula vehicula consequat. Morbi a ipsum. Integer a nibh.

In quis justo. Maecenas rhoncus aliquam lacus. Morbi quis tortor id nulla ultrices aliquet.', 3, '2021-09-01 19:55:36', 1);
insert into blog (id, content, title, create_at, account_id) values (151, 'Duis bibendum, felis sed interdum venenatis, turpis enim blandit mi, in porttitor pede justo eu massa. Donec dapibus. Duis at velit eu est congue elementum.

In hac habitasse platea dictumst. Morbi vestibulum, velit id pretium iaculis, diam erat fermentum justo, nec condimentum neque sapien placerat ante. Nulla justo.', 1, '2021-10-11 00:50:48', 7);
insert into blog (id, content, title, create_at, account_id) values (152, 'In congue. Etiam justo. Etiam pretium iaculis justo.

In hac habitasse platea dictumst. Etiam faucibus cursus urna. Ut tellus.', 2, '2022-07-25 20:47:21', 9);
insert into blog (id, content, title, create_at, account_id) values (153, 'In sagittis dui vel nisl. Duis ac nibh. Fusce lacus purus, aliquet at, feugiat non, pretium quis, lectus.

Suspendisse potenti. In eleifend quam a odio. In hac habitasse platea dictumst.

Maecenas ut massa quis augue luctus tincidunt. Nulla mollis molestie lorem. Quisque ut erat.', 3, '2022-03-18 10:44:05', 7);
insert into blog (id, content, title, create_at, account_id) values (154, 'Donec diam neque, vestibulum eget, vulputate ut, ultrices vel, augue. Vestibulum ante ipsum primis in faucibus orci luctus et ultrices posuere cubilia Curae; Donec pharetra, magna vestibulum aliquet ultrices, erat tortor sollicitudin mi, sit amet lobortis sapien sapien non mi. Integer ac neque.

Duis bibendum. Morbi non quam nec dui luctus rutrum. Nulla tellus.

In sagittis dui vel nisl. Duis ac nibh. Fusce lacus purus, aliquet at, feugiat non, pretium quis, lectus.', 1, '2021-08-20 07:43:14', 1);
insert into blog (id, content, title, create_at, account_id) values (155, 'Donec diam neque, vestibulum eget, vulputate ut, ultrices vel, augue. Vestibulum ante ipsum primis in faucibus orci luctus et ultrices posuere cubilia Curae; Donec pharetra, magna vestibulum aliquet ultrices, erat tortor sollicitudin mi, sit amet lobortis sapien sapien non mi. Integer ac neque.

Duis bibendum. Morbi non quam nec dui luctus rutrum. Nulla tellus.', 2, '2022-01-18 19:57:41', 3);
insert into blog (id, content, title, create_at, account_id) values (156, 'Integer ac leo. Pellentesque ultrices mattis odio. Donec vitae nisi.

Nam ultrices, libero non mattis pulvinar, nulla pede ullamcorper augue, a suscipit nulla elit ac nulla. Sed vel enim sit amet nunc viverra dapibus. Nulla suscipit ligula in lacus.', 3, '2022-01-02 10:42:06', 5);
insert into blog (id, content, title, create_at, account_id) values (157, 'Praesent id massa id nisl venenatis lacinia. Aenean sit amet justo. Morbi ut odio.

Cras mi pede, malesuada in, imperdiet et, commodo vulputate, justo. In blandit ultrices enim. Lorem ipsum dolor sit amet, consectetuer adipiscing elit.

Proin interdum mauris non ligula pellentesque ultrices. Phasellus id sapien in sapien iaculis congue. Vivamus metus arcu, adipiscing molestie, hendrerit at, vulputate vitae, nisl.

Aenean lectus. Pellentesque eget nunc. Donec quis orci eget orci vehicula condimentum.', 1, '2021-08-23 22:13:03', 8);
insert into blog (id, content, title, create_at, account_id) values (158, 'Quisque porta volutpat erat. Quisque erat eros, viverra eget, congue eget, semper rutrum, nulla. Nunc purus.

Phasellus in felis. Donec semper sapien a libero. Nam dui.

Proin leo odio, porttitor id, consequat in, consequat ut, nulla. Sed accumsan felis. Ut at dolor quis odio consequat varius.

Integer ac leo. Pellentesque ultrices mattis odio. Donec vitae nisi.', 2, '2022-03-26 08:20:22', 10);
insert into blog (id, content, title, create_at, account_id) values (159, 'Maecenas leo odio, condimentum id, luctus nec, molestie sed, justo. Pellentesque viverra pede ac diam. Cras pellentesque volutpat dui.

Maecenas tristique, est et tempus semper, est quam pharetra magna, ac consequat metus sapien ut nunc. Vestibulum ante ipsum primis in faucibus orci luctus et ultrices posuere cubilia Curae; Mauris viverra diam vitae quam. Suspendisse potenti.

Nullam porttitor lacus at turpis. Donec posuere metus vitae ipsum. Aliquam non mauris.

Morbi non lectus. Aliquam sit amet diam in magna bibendum imperdiet. Nullam orci pede, venenatis non, sodales sed, tincidunt eu, felis.', 3, '2022-02-25 03:10:53', 4);
insert into blog (id, content, title, create_at, account_id) values (160, 'Lorem ipsum dolor sit amet, consectetuer adipiscing elit. Proin risus. Praesent lectus.

Vestibulum quam sapien, varius ut, blandit non, interdum in, ante. Vestibulum ante ipsum primis in faucibus orci luctus et ultrices posuere cubilia Curae; Duis faucibus accumsan odio. Curabitur convallis.

Duis consequat dui nec nisi volutpat eleifend. Donec ut dolor. Morbi vel lectus in quam fringilla rhoncus.

Mauris enim leo, rhoncus sed, vestibulum sit amet, cursus id, turpis. Integer aliquet, massa id lobortis convallis, tortor risus dapibus augue, vel accumsan tellus nisi eu orci. Mauris lacinia sapien quis libero.', 1, '2022-04-05 13:38:33', 6);
insert into blog (id, content, title, create_at, account_id) values (161, 'In hac habitasse platea dictumst. Etiam faucibus cursus urna. Ut tellus.

Nulla ut erat id mauris vulputate elementum. Nullam varius. Nulla facilisi.', 2, '2022-02-25 18:59:46', 8);
insert into blog (id, content, title, create_at, account_id) values (162, 'Quisque id justo sit amet sapien dignissim vestibulum. Vestibulum ante ipsum primis in faucibus orci luctus et ultrices posuere cubilia Curae; Nulla dapibus dolor vel est. Donec odio justo, sollicitudin ut, suscipit a, feugiat et, eros.

Vestibulum ac est lacinia nisi venenatis tristique. Fusce congue, diam id ornare imperdiet, sapien urna pretium nisl, ut volutpat sapien arcu sed augue. Aliquam erat volutpat.

In congue. Etiam justo. Etiam pretium iaculis justo.', 3, '2022-01-15 00:34:21', 7);
insert into blog (id, content, title, create_at, account_id) values (163, 'In hac habitasse platea dictumst. Morbi vestibulum, velit id pretium iaculis, diam erat fermentum justo, nec condimentum neque sapien placerat ante. Nulla justo.

Aliquam quis turpis eget elit sodales scelerisque. Mauris sit amet eros. Suspendisse accumsan tortor quis turpis.

Sed ante. Vivamus tortor. Duis mattis egestas metus.', 1, '2021-12-27 22:20:34', 1);
insert into blog (id, content, title, create_at, account_id) values (164, 'Nullam porttitor lacus at turpis. Donec posuere metus vitae ipsum. Aliquam non mauris.

Morbi non lectus. Aliquam sit amet diam in magna bibendum imperdiet. Nullam orci pede, venenatis non, sodales sed, tincidunt eu, felis.', 2, '2021-09-29 17:47:50', 3);
insert into blog (id, content, title, create_at, account_id) values (165, 'In hac habitasse platea dictumst. Etiam faucibus cursus urna. Ut tellus.

Nulla ut erat id mauris vulputate elementum. Nullam varius. Nulla facilisi.', 3, '2022-04-25 03:00:49', 7);
insert into blog (id, content, title, create_at, account_id) values (166, 'Suspendisse potenti. In eleifend quam a odio. In hac habitasse platea dictumst.

Maecenas ut massa quis augue luctus tincidunt. Nulla mollis molestie lorem. Quisque ut erat.

Curabitur gravida nisi at nibh. In hac habitasse platea dictumst. Aliquam augue quam, sollicitudin vitae, consectetuer eget, rutrum at, lorem.', 1, '2021-09-29 00:02:15', 5);
insert into blog (id, content, title, create_at, account_id) values (167, 'Cras mi pede, malesuada in, imperdiet et, commodo vulputate, justo. In blandit ultrices enim. Lorem ipsum dolor sit amet, consectetuer adipiscing elit.

Proin interdum mauris non ligula pellentesque ultrices. Phasellus id sapien in sapien iaculis congue. Vivamus metus arcu, adipiscing molestie, hendrerit at, vulputate vitae, nisl.

Aenean lectus. Pellentesque eget nunc. Donec quis orci eget orci vehicula condimentum.', 2, '2021-12-20 10:02:39', 7);
insert into blog (id, content, title, create_at, account_id) values (168, 'Duis bibendum, felis sed interdum venenatis, turpis enim blandit mi, in porttitor pede justo eu massa. Donec dapibus. Duis at velit eu est congue elementum.

In hac habitasse platea dictumst. Morbi vestibulum, velit id pretium iaculis, diam erat fermentum justo, nec condimentum neque sapien placerat ante. Nulla justo.

Aliquam quis turpis eget elit sodales scelerisque. Mauris sit amet eros. Suspendisse accumsan tortor quis turpis.

Sed ante. Vivamus tortor. Duis mattis egestas metus.', 3, '2021-12-24 02:10:23', 9);
insert into blog (id, content, title, create_at, account_id) values (169, 'Lorem ipsum dolor sit amet, consectetuer adipiscing elit. Proin risus. Praesent lectus.

Vestibulum quam sapien, varius ut, blandit non, interdum in, ante. Vestibulum ante ipsum primis in faucibus orci luctus et ultrices posuere cubilia Curae; Duis faucibus accumsan odio. Curabitur convallis.

Duis consequat dui nec nisi volutpat eleifend. Donec ut dolor. Morbi vel lectus in quam fringilla rhoncus.

Mauris enim leo, rhoncus sed, vestibulum sit amet, cursus id, turpis. Integer aliquet, massa id lobortis convallis, tortor risus dapibus augue, vel accumsan tellus nisi eu orci. Mauris lacinia sapien quis libero.', 1, '2021-09-14 05:30:22', 9);
insert into blog (id, content, title, create_at, account_id) values (170, 'Proin eu mi. Nulla ac enim. In tempor, turpis nec euismod scelerisque, quam turpis adipiscing lorem, vitae mattis nibh ligula nec sem.

Duis aliquam convallis nunc. Proin at turpis a pede posuere nonummy. Integer non velit.

Donec diam neque, vestibulum eget, vulputate ut, ultrices vel, augue. Vestibulum ante ipsum primis in faucibus orci luctus et ultrices posuere cubilia Curae; Donec pharetra, magna vestibulum aliquet ultrices, erat tortor sollicitudin mi, sit amet lobortis sapien sapien non mi. Integer ac neque.

Duis bibendum. Morbi non quam nec dui luctus rutrum. Nulla tellus.', 2, '2022-01-10 14:00:57', 4);
insert into blog (id, content, title, create_at, account_id) values (171, 'Phasellus in felis. Donec semper sapien a libero. Nam dui.

Proin leo odio, porttitor id, consequat in, consequat ut, nulla. Sed accumsan felis. Ut at dolor quis odio consequat varius.', 3, '2022-05-30 08:24:46', 10);
insert into blog (id, content, title, create_at, account_id) values (172, 'Quisque id justo sit amet sapien dignissim vestibulum. Vestibulum ante ipsum primis in faucibus orci luctus et ultrices posuere cubilia Curae; Nulla dapibus dolor vel est. Donec odio justo, sollicitudin ut, suscipit a, feugiat et, eros.

Vestibulum ac est lacinia nisi venenatis tristique. Fusce congue, diam id ornare imperdiet, sapien urna pretium nisl, ut volutpat sapien arcu sed augue. Aliquam erat volutpat.

In congue. Etiam justo. Etiam pretium iaculis justo.', 1, '2022-01-15 13:08:46', 3);
insert into blog (id, content, title, create_at, account_id) values (173, 'Maecenas ut massa quis augue luctus tincidunt. Nulla mollis molestie lorem. Quisque ut erat.

Curabitur gravida nisi at nibh. In hac habitasse platea dictumst. Aliquam augue quam, sollicitudin vitae, consectetuer eget, rutrum at, lorem.

Integer tincidunt ante vel ipsum. Praesent blandit lacinia erat. Vestibulum sed magna at nunc commodo placerat.

Praesent blandit. Nam nulla. Integer pede justo, lacinia eget, tincidunt eget, tempus vel, pede.', 2, '2022-01-23 04:35:51', 4);
insert into blog (id, content, title, create_at, account_id) values (174, 'Duis consequat dui nec nisi volutpat eleifend. Donec ut dolor. Morbi vel lectus in quam fringilla rhoncus.

Mauris enim leo, rhoncus sed, vestibulum sit amet, cursus id, turpis. Integer aliquet, massa id lobortis convallis, tortor risus dapibus augue, vel accumsan tellus nisi eu orci. Mauris lacinia sapien quis libero.

Nullam sit amet turpis elementum ligula vehicula consequat. Morbi a ipsum. Integer a nibh.

In quis justo. Maecenas rhoncus aliquam lacus. Morbi quis tortor id nulla ultrices aliquet.', 3, '2022-03-12 08:26:20', 7);
insert into blog (id, content, title, create_at, account_id) values (175, 'Cras non velit nec nisi vulputate nonummy. Maecenas tincidunt lacus at velit. Vivamus vel nulla eget eros elementum pellentesque.

Quisque porta volutpat erat. Quisque erat eros, viverra eget, congue eget, semper rutrum, nulla. Nunc purus.', 1, '2022-07-29 14:48:12', 3);
insert into blog (id, content, title, create_at, account_id) values (176, 'Curabitur gravida nisi at nibh. In hac habitasse platea dictumst. Aliquam augue quam, sollicitudin vitae, consectetuer eget, rutrum at, lorem.

Integer tincidunt ante vel ipsum. Praesent blandit lacinia erat. Vestibulum sed magna at nunc commodo placerat.

Praesent blandit. Nam nulla. Integer pede justo, lacinia eget, tincidunt eget, tempus vel, pede.', 2, '2022-07-16 06:05:02', 8);
insert into blog (id, content, title, create_at, account_id) values (177, 'Aliquam quis turpis eget elit sodales scelerisque. Mauris sit amet eros. Suspendisse accumsan tortor quis turpis.

Sed ante. Vivamus tortor. Duis mattis egestas metus.

Aenean fermentum. Donec ut mauris eget massa tempor convallis. Nulla neque libero, convallis eget, eleifend luctus, ultricies eu, nibh.', 3, '2022-03-13 15:52:24', 5);
insert into blog (id, content, title, create_at, account_id) values (178, 'Integer tincidunt ante vel ipsum. Praesent blandit lacinia erat. Vestibulum sed magna at nunc commodo placerat.

Praesent blandit. Nam nulla. Integer pede justo, lacinia eget, tincidunt eget, tempus vel, pede.', 1, '2022-06-04 10:02:16', 10);
insert into blog (id, content, title, create_at, account_id) values (179, 'Cras mi pede, malesuada in, imperdiet et, commodo vulputate, justo. In blandit ultrices enim. Lorem ipsum dolor sit amet, consectetuer adipiscing elit.

Proin interdum mauris non ligula pellentesque ultrices. Phasellus id sapien in sapien iaculis congue. Vivamus metus arcu, adipiscing molestie, hendrerit at, vulputate vitae, nisl.', 2, '2022-01-06 20:26:11', 1);
insert into blog (id, content, title, create_at, account_id) values (180, 'In hac habitasse platea dictumst. Morbi vestibulum, velit id pretium iaculis, diam erat fermentum justo, nec condimentum neque sapien placerat ante. Nulla justo.

Aliquam quis turpis eget elit sodales scelerisque. Mauris sit amet eros. Suspendisse accumsan tortor quis turpis.

Sed ante. Vivamus tortor. Duis mattis egestas metus.', 3, '2022-01-20 00:48:24', 4);
insert into blog (id, content, title, create_at, account_id) values (181, 'Lorem ipsum dolor sit amet, consectetuer adipiscing elit. Proin risus. Praesent lectus.

Vestibulum quam sapien, varius ut, blandit non, interdum in, ante. Vestibulum ante ipsum primis in faucibus orci luctus et ultrices posuere cubilia Curae; Duis faucibus accumsan odio. Curabitur convallis.', 1, '2022-01-10 10:02:31', 7);
insert into blog (id, content, title, create_at, account_id) values (182, 'In congue. Etiam justo. Etiam pretium iaculis justo.

In hac habitasse platea dictumst. Etiam faucibus cursus urna. Ut tellus.

Nulla ut erat id mauris vulputate elementum. Nullam varius. Nulla facilisi.

Cras non velit nec nisi vulputate nonummy. Maecenas tincidunt lacus at velit. Vivamus vel nulla eget eros elementum pellentesque.', 2, '2022-04-11 23:38:48', 10);
insert into blog (id, content, title, create_at, account_id) values (183, 'Mauris enim leo, rhoncus sed, vestibulum sit amet, cursus id, turpis. Integer aliquet, massa id lobortis convallis, tortor risus dapibus augue, vel accumsan tellus nisi eu orci. Mauris lacinia sapien quis libero.

Nullam sit amet turpis elementum ligula vehicula consequat. Morbi a ipsum. Integer a nibh.

In quis justo. Maecenas rhoncus aliquam lacus. Morbi quis tortor id nulla ultrices aliquet.

Maecenas leo odio, condimentum id, luctus nec, molestie sed, justo. Pellentesque viverra pede ac diam. Cras pellentesque volutpat dui.', 3, '2021-09-19 20:56:31', 1);
insert into blog (id, content, title, create_at, account_id) values (184, 'Vestibulum ac est lacinia nisi venenatis tristique. Fusce congue, diam id ornare imperdiet, sapien urna pretium nisl, ut volutpat sapien arcu sed augue. Aliquam erat volutpat.

In congue. Etiam justo. Etiam pretium iaculis justo.

In hac habitasse platea dictumst. Etiam faucibus cursus urna. Ut tellus.

Nulla ut erat id mauris vulputate elementum. Nullam varius. Nulla facilisi.', 1, '2021-09-04 20:11:18', 7);
insert into blog (id, content, title, create_at, account_id) values (185, 'Proin interdum mauris non ligula pellentesque ultrices. Phasellus id sapien in sapien iaculis congue. Vivamus metus arcu, adipiscing molestie, hendrerit at, vulputate vitae, nisl.

Aenean lectus. Pellentesque eget nunc. Donec quis orci eget orci vehicula condimentum.

Curabitur in libero ut massa volutpat convallis. Morbi odio odio, elementum eu, interdum eu, tincidunt in, leo. Maecenas pulvinar lobortis est.

Phasellus sit amet erat. Nulla tempus. Vivamus in felis eu sapien cursus vestibulum.', 2, '2021-09-07 09:24:32', 9);
insert into blog (id, content, title, create_at, account_id) values (186, 'Proin interdum mauris non ligula pellentesque ultrices. Phasellus id sapien in sapien iaculis congue. Vivamus metus arcu, adipiscing molestie, hendrerit at, vulputate vitae, nisl.

Aenean lectus. Pellentesque eget nunc. Donec quis orci eget orci vehicula condimentum.

Curabitur in libero ut massa volutpat convallis. Morbi odio odio, elementum eu, interdum eu, tincidunt in, leo. Maecenas pulvinar lobortis est.', 3, '2021-10-05 15:21:24', 10);
insert into blog (id, content, title, create_at, account_id) values (187, 'Proin leo odio, porttitor id, consequat in, consequat ut, nulla. Sed accumsan felis. Ut at dolor quis odio consequat varius.

Integer ac leo. Pellentesque ultrices mattis odio. Donec vitae nisi.

Nam ultrices, libero non mattis pulvinar, nulla pede ullamcorper augue, a suscipit nulla elit ac nulla. Sed vel enim sit amet nunc viverra dapibus. Nulla suscipit ligula in lacus.

Curabitur at ipsum ac tellus semper interdum. Mauris ullamcorper purus sit amet nulla. Quisque arcu libero, rutrum ac, lobortis vel, dapibus at, diam.', 1, '2021-09-30 20:34:56', 7);
insert into blog (id, content, title, create_at, account_id) values (188, 'Curabitur in libero ut massa volutpat convallis. Morbi odio odio, elementum eu, interdum eu, tincidunt in, leo. Maecenas pulvinar lobortis est.

Phasellus sit amet erat. Nulla tempus. Vivamus in felis eu sapien cursus vestibulum.

Proin eu mi. Nulla ac enim. In tempor, turpis nec euismod scelerisque, quam turpis adipiscing lorem, vitae mattis nibh ligula nec sem.', 2, '2022-07-06 05:28:57', 1);
insert into blog (id, content, title, create_at, account_id) values (189, 'Vestibulum ac est lacinia nisi venenatis tristique. Fusce congue, diam id ornare imperdiet, sapien urna pretium nisl, ut volutpat sapien arcu sed augue. Aliquam erat volutpat.

In congue. Etiam justo. Etiam pretium iaculis justo.

In hac habitasse platea dictumst. Etiam faucibus cursus urna. Ut tellus.

Nulla ut erat id mauris vulputate elementum. Nullam varius. Nulla facilisi.', 3, '2022-02-15 04:02:46', 9);
insert into blog (id, content, title, create_at, account_id) values (190, 'Aliquam quis turpis eget elit sodales scelerisque. Mauris sit amet eros. Suspendisse accumsan tortor quis turpis.

Sed ante. Vivamus tortor. Duis mattis egestas metus.

Aenean fermentum. Donec ut mauris eget massa tempor convallis. Nulla neque libero, convallis eget, eleifend luctus, ultricies eu, nibh.

Quisque id justo sit amet sapien dignissim vestibulum. Vestibulum ante ipsum primis in faucibus orci luctus et ultrices posuere cubilia Curae; Nulla dapibus dolor vel est. Donec odio justo, sollicitudin ut, suscipit a, feugiat et, eros.', 1, '2022-05-28 07:41:27', 9);
insert into blog (id, content, title, create_at, account_id) values (191, 'Duis bibendum. Morbi non quam nec dui luctus rutrum. Nulla tellus.

In sagittis dui vel nisl. Duis ac nibh. Fusce lacus purus, aliquet at, feugiat non, pretium quis, lectus.', 2, '2022-02-14 11:12:34', 1);
insert into blog (id, content, title, create_at, account_id) values (192, 'In congue. Etiam justo. Etiam pretium iaculis justo.

In hac habitasse platea dictumst. Etiam faucibus cursus urna. Ut tellus.

Nulla ut erat id mauris vulputate elementum. Nullam varius. Nulla facilisi.

Cras non velit nec nisi vulputate nonummy. Maecenas tincidunt lacus at velit. Vivamus vel nulla eget eros elementum pellentesque.', 3, '2022-04-15 13:31:46', 6);
insert into blog (id, content, title, create_at, account_id) values (193, 'Curabitur in libero ut massa volutpat convallis. Morbi odio odio, elementum eu, interdum eu, tincidunt in, leo. Maecenas pulvinar lobortis est.

Phasellus sit amet erat. Nulla tempus. Vivamus in felis eu sapien cursus vestibulum.

Proin eu mi. Nulla ac enim. In tempor, turpis nec euismod scelerisque, quam turpis adipiscing lorem, vitae mattis nibh ligula nec sem.

Duis aliquam convallis nunc. Proin at turpis a pede posuere nonummy. Integer non velit.', 1, '2021-10-10 21:54:03', 1);
insert into blog (id, content, title, create_at, account_id) values (194, 'Proin interdum mauris non ligula pellentesque ultrices. Phasellus id sapien in sapien iaculis congue. Vivamus metus arcu, adipiscing molestie, hendrerit at, vulputate vitae, nisl.

Aenean lectus. Pellentesque eget nunc. Donec quis orci eget orci vehicula condimentum.

Curabitur in libero ut massa volutpat convallis. Morbi odio odio, elementum eu, interdum eu, tincidunt in, leo. Maecenas pulvinar lobortis est.', 2, '2022-01-07 04:50:22', 4);
insert into blog (id, content, title, create_at, account_id) values (195, 'Phasellus sit amet erat. Nulla tempus. Vivamus in felis eu sapien cursus vestibulum.

Proin eu mi. Nulla ac enim. In tempor, turpis nec euismod scelerisque, quam turpis adipiscing lorem, vitae mattis nibh ligula nec sem.', 3, '2021-09-17 18:20:57', 8);
insert into blog (id, content, title, create_at, account_id) values (196, 'Vestibulum quam sapien, varius ut, blandit non, interdum in, ante. Vestibulum ante ipsum primis in faucibus orci luctus et ultrices posuere cubilia Curae; Duis faucibus accumsan odio. Curabitur convallis.

Duis consequat dui nec nisi volutpat eleifend. Donec ut dolor. Morbi vel lectus in quam fringilla rhoncus.', 1, '2022-07-01 23:35:40', 6);
insert into blog (id, content, title, create_at, account_id) values (197, 'Praesent blandit. Nam nulla. Integer pede justo, lacinia eget, tincidunt eget, tempus vel, pede.

Morbi porttitor lorem id ligula. Suspendisse ornare consequat lectus. In est risus, auctor sed, tristique in, tempus sit amet, sem.

Fusce consequat. Nulla nisl. Nunc nisl.', 2, '2022-05-26 10:49:27', 8);
insert into blog (id, content, title, create_at, account_id) values (198, 'Nullam sit amet turpis elementum ligula vehicula consequat. Morbi a ipsum. Integer a nibh.

In quis justo. Maecenas rhoncus aliquam lacus. Morbi quis tortor id nulla ultrices aliquet.

Maecenas leo odio, condimentum id, luctus nec, molestie sed, justo. Pellentesque viverra pede ac diam. Cras pellentesque volutpat dui.', 3, '2022-04-29 10:31:46', 9);
insert into blog (id, content, title, create_at, account_id) values (199, 'Lorem ipsum dolor sit amet, consectetuer adipiscing elit. Proin risus. Praesent lectus.

Vestibulum quam sapien, varius ut, blandit non, interdum in, ante. Vestibulum ante ipsum primis in faucibus orci luctus et ultrices posuere cubilia Curae; Duis faucibus accumsan odio. Curabitur convallis.', 1, '2022-02-27 22:03:37', 10);
insert into blog (id, content, title, create_at, account_id) values (200, 'Curabitur gravida nisi at nibh. In hac habitasse platea dictumst. Aliquam augue quam, sollicitudin vitae, consectetuer eget, rutrum at, lorem.

Integer tincidunt ante vel ipsum. Praesent blandit lacinia erat. Vestibulum sed magna at nunc commodo placerat.

Praesent blandit. Nam nulla. Integer pede justo, lacinia eget, tincidunt eget, tempus vel, pede.

Morbi porttitor lorem id ligula. Suspendisse ornare consequat lectus. In est risus, auctor sed, tristique in, tempus sit amet, sem.', 2, '2022-07-26 01:21:08', 8);
insert into blog (id, content, title, create_at, account_id) values (201, 'Morbi porttitor lorem id ligula. Suspendisse ornare consequat lectus. In est risus, auctor sed, tristique in, tempus sit amet, sem.

Fusce consequat. Nulla nisl. Nunc nisl.

Duis bibendum, felis sed interdum venenatis, turpis enim blandit mi, in porttitor pede justo eu massa. Donec dapibus. Duis at velit eu est congue elementum.', 3, '2021-10-04 04:39:18', 9);
insert into blog (id, content, title, create_at, account_id) values (202, 'Integer ac leo. Pellentesque ultrices mattis odio. Donec vitae nisi.

Nam ultrices, libero non mattis pulvinar, nulla pede ullamcorper augue, a suscipit nulla elit ac nulla. Sed vel enim sit amet nunc viverra dapibus. Nulla suscipit ligula in lacus.

Curabitur at ipsum ac tellus semper interdum. Mauris ullamcorper purus sit amet nulla. Quisque arcu libero, rutrum ac, lobortis vel, dapibus at, diam.', 1, '2021-09-19 19:34:20', 7);
insert into blog (id, content, title, create_at, account_id) values (203, 'Vestibulum quam sapien, varius ut, blandit non, interdum in, ante. Vestibulum ante ipsum primis in faucibus orci luctus et ultrices posuere cubilia Curae; Duis faucibus accumsan odio. Curabitur convallis.

Duis consequat dui nec nisi volutpat eleifend. Donec ut dolor. Morbi vel lectus in quam fringilla rhoncus.

Mauris enim leo, rhoncus sed, vestibulum sit amet, cursus id, turpis. Integer aliquet, massa id lobortis convallis, tortor risus dapibus augue, vel accumsan tellus nisi eu orci. Mauris lacinia sapien quis libero.

Nullam sit amet turpis elementum ligula vehicula consequat. Morbi a ipsum. Integer a nibh.', 2, '2022-01-17 18:10:32', 4);
insert into blog (id, content, title, create_at, account_id) values (204, 'Morbi porttitor lorem id ligula. Suspendisse ornare consequat lectus. In est risus, auctor sed, tristique in, tempus sit amet, sem.

Fusce consequat. Nulla nisl. Nunc nisl.

Duis bibendum, felis sed interdum venenatis, turpis enim blandit mi, in porttitor pede justo eu massa. Donec dapibus. Duis at velit eu est congue elementum.', 3, '2022-01-24 06:26:21', 4);
insert into blog (id, content, title, create_at, account_id) values (205, 'Pellentesque at nulla. Suspendisse potenti. Cras in purus eu magna vulputate luctus.

Cum sociis natoque penatibus et magnis dis parturient montes, nascetur ridiculus mus. Vivamus vestibulum sagittis sapien. Cum sociis natoque penatibus et magnis dis parturient montes, nascetur ridiculus mus.', 1, '2022-02-11 05:46:30', 4);
insert into blog (id, content, title, create_at, account_id) values (206, 'In congue. Etiam justo. Etiam pretium iaculis justo.

In hac habitasse platea dictumst. Etiam faucibus cursus urna. Ut tellus.

Nulla ut erat id mauris vulputate elementum. Nullam varius. Nulla facilisi.

Cras non velit nec nisi vulputate nonummy. Maecenas tincidunt lacus at velit. Vivamus vel nulla eget eros elementum pellentesque.', 2, '2022-01-26 14:51:46', 8);
insert into blog (id, content, title, create_at, account_id) values (207, 'Etiam vel augue. Vestibulum rutrum rutrum neque. Aenean auctor gravida sem.

Praesent id massa id nisl venenatis lacinia. Aenean sit amet justo. Morbi ut odio.

Cras mi pede, malesuada in, imperdiet et, commodo vulputate, justo. In blandit ultrices enim. Lorem ipsum dolor sit amet, consectetuer adipiscing elit.

Proin interdum mauris non ligula pellentesque ultrices. Phasellus id sapien in sapien iaculis congue. Vivamus metus arcu, adipiscing molestie, hendrerit at, vulputate vitae, nisl.', 3, '2021-10-02 01:05:56', 3);
insert into blog (id, content, title, create_at, account_id) values (208, 'Etiam vel augue. Vestibulum rutrum rutrum neque. Aenean auctor gravida sem.

Praesent id massa id nisl venenatis lacinia. Aenean sit amet justo. Morbi ut odio.', 1, '2021-09-08 07:44:20', 7);
insert into blog (id, content, title, create_at, account_id) values (209, 'Mauris enim leo, rhoncus sed, vestibulum sit amet, cursus id, turpis. Integer aliquet, massa id lobortis convallis, tortor risus dapibus augue, vel accumsan tellus nisi eu orci. Mauris lacinia sapien quis libero.

Nullam sit amet turpis elementum ligula vehicula consequat. Morbi a ipsum. Integer a nibh.

In quis justo. Maecenas rhoncus aliquam lacus. Morbi quis tortor id nulla ultrices aliquet.', 2, '2022-02-12 11:10:51', 4);
insert into blog (id, content, title, create_at, account_id) values (210, 'Fusce consequat. Nulla nisl. Nunc nisl.

Duis bibendum, felis sed interdum venenatis, turpis enim blandit mi, in porttitor pede justo eu massa. Donec dapibus. Duis at velit eu est congue elementum.

In hac habitasse platea dictumst. Morbi vestibulum, velit id pretium iaculis, diam erat fermentum justo, nec condimentum neque sapien placerat ante. Nulla justo.', 3, '2022-02-23 23:03:23', 9);
insert into blog (id, content, title, create_at, account_id) values (211, 'Curabitur gravida nisi at nibh. In hac habitasse platea dictumst. Aliquam augue quam, sollicitudin vitae, consectetuer eget, rutrum at, lorem.

Integer tincidunt ante vel ipsum. Praesent blandit lacinia erat. Vestibulum sed magna at nunc commodo placerat.

Praesent blandit. Nam nulla. Integer pede justo, lacinia eget, tincidunt eget, tempus vel, pede.

Morbi porttitor lorem id ligula. Suspendisse ornare consequat lectus. In est risus, auctor sed, tristique in, tempus sit amet, sem.', 1, '2021-10-20 23:29:00', 1);
insert into blog (id, content, title, create_at, account_id) values (212, 'Morbi non lectus. Aliquam sit amet diam in magna bibendum imperdiet. Nullam orci pede, venenatis non, sodales sed, tincidunt eu, felis.

Fusce posuere felis sed lacus. Morbi sem mauris, laoreet ut, rhoncus aliquet, pulvinar sed, nisl. Nunc rhoncus dui vel sem.

Sed sagittis. Nam congue, risus semper porta volutpat, quam pede lobortis ligula, sit amet eleifend pede libero quis orci. Nullam molestie nibh in lectus.

Pellentesque at nulla. Suspendisse potenti. Cras in purus eu magna vulputate luctus.', 2, '2021-09-26 07:34:22', 10);
insert into blog (id, content, title, create_at, account_id) values (213, 'Phasellus in felis. Donec semper sapien a libero. Nam dui.

Proin leo odio, porttitor id, consequat in, consequat ut, nulla. Sed accumsan felis. Ut at dolor quis odio consequat varius.', 3, '2022-03-07 08:45:04', 2);
insert into blog (id, content, title, create_at, account_id) values (214, 'Fusce consequat. Nulla nisl. Nunc nisl.

Duis bibendum, felis sed interdum venenatis, turpis enim blandit mi, in porttitor pede justo eu massa. Donec dapibus. Duis at velit eu est congue elementum.

In hac habitasse platea dictumst. Morbi vestibulum, velit id pretium iaculis, diam erat fermentum justo, nec condimentum neque sapien placerat ante. Nulla justo.

Aliquam quis turpis eget elit sodales scelerisque. Mauris sit amet eros. Suspendisse accumsan tortor quis turpis.', 1, '2022-06-30 15:29:39', 10);
insert into blog (id, content, title, create_at, account_id) values (215, 'Proin leo odio, porttitor id, consequat in, consequat ut, nulla. Sed accumsan felis. Ut at dolor quis odio consequat varius.

Integer ac leo. Pellentesque ultrices mattis odio. Donec vitae nisi.

Nam ultrices, libero non mattis pulvinar, nulla pede ullamcorper augue, a suscipit nulla elit ac nulla. Sed vel enim sit amet nunc viverra dapibus. Nulla suscipit ligula in lacus.

Curabitur at ipsum ac tellus semper interdum. Mauris ullamcorper purus sit amet nulla. Quisque arcu libero, rutrum ac, lobortis vel, dapibus at, diam.', 2, '2021-10-02 04:45:11', 3);
insert into blog (id, content, title, create_at, account_id) values (216, 'Fusce consequat. Nulla nisl. Nunc nisl.

Duis bibendum, felis sed interdum venenatis, turpis enim blandit mi, in porttitor pede justo eu massa. Donec dapibus. Duis at velit eu est congue elementum.

In hac habitasse platea dictumst. Morbi vestibulum, velit id pretium iaculis, diam erat fermentum justo, nec condimentum neque sapien placerat ante. Nulla justo.

Aliquam quis turpis eget elit sodales scelerisque. Mauris sit amet eros. Suspendisse accumsan tortor quis turpis.', 3, '2021-12-17 15:01:10', 8);
insert into blog (id, content, title, create_at, account_id) values (217, 'Maecenas tristique, est et tempus semper, est quam pharetra magna, ac consequat metus sapien ut nunc. Vestibulum ante ipsum primis in faucibus orci luctus et ultrices posuere cubilia Curae; Mauris viverra diam vitae quam. Suspendisse potenti.

Nullam porttitor lacus at turpis. Donec posuere metus vitae ipsum. Aliquam non mauris.

Morbi non lectus. Aliquam sit amet diam in magna bibendum imperdiet. Nullam orci pede, venenatis non, sodales sed, tincidunt eu, felis.

Fusce posuere felis sed lacus. Morbi sem mauris, laoreet ut, rhoncus aliquet, pulvinar sed, nisl. Nunc rhoncus dui vel sem.', 1, '2022-01-09 06:09:50', 2);
insert into blog (id, content, title, create_at, account_id) values (218, 'Maecenas leo odio, condimentum id, luctus nec, molestie sed, justo. Pellentesque viverra pede ac diam. Cras pellentesque volutpat dui.

Maecenas tristique, est et tempus semper, est quam pharetra magna, ac consequat metus sapien ut nunc. Vestibulum ante ipsum primis in faucibus orci luctus et ultrices posuere cubilia Curae; Mauris viverra diam vitae quam. Suspendisse potenti.

Nullam porttitor lacus at turpis. Donec posuere metus vitae ipsum. Aliquam non mauris.', 2, '2022-05-22 20:29:41', 9);
insert into blog (id, content, title, create_at, account_id) values (219, 'Morbi porttitor lorem id ligula. Suspendisse ornare consequat lectus. In est risus, auctor sed, tristique in, tempus sit amet, sem.

Fusce consequat. Nulla nisl. Nunc nisl.

Duis bibendum, felis sed interdum venenatis, turpis enim blandit mi, in porttitor pede justo eu massa. Donec dapibus. Duis at velit eu est congue elementum.

In hac habitasse platea dictumst. Morbi vestibulum, velit id pretium iaculis, diam erat fermentum justo, nec condimentum neque sapien placerat ante. Nulla justo.', 3, '2022-07-27 16:30:27', 2);
insert into blog (id, content, title, create_at, account_id) values (220, 'Cras non velit nec nisi vulputate nonummy. Maecenas tincidunt lacus at velit. Vivamus vel nulla eget eros elementum pellentesque.

Quisque porta volutpat erat. Quisque erat eros, viverra eget, congue eget, semper rutrum, nulla. Nunc purus.', 1, '2022-07-24 06:15:24', 7);
insert into blog (id, content, title, create_at, account_id) values (221, 'Quisque id justo sit amet sapien dignissim vestibulum. Vestibulum ante ipsum primis in faucibus orci luctus et ultrices posuere cubilia Curae; Nulla dapibus dolor vel est. Donec odio justo, sollicitudin ut, suscipit a, feugiat et, eros.

Vestibulum ac est lacinia nisi venenatis tristique. Fusce congue, diam id ornare imperdiet, sapien urna pretium nisl, ut volutpat sapien arcu sed augue. Aliquam erat volutpat.

In congue. Etiam justo. Etiam pretium iaculis justo.', 2, '2022-05-13 03:25:28', 4);
insert into blog (id, content, title, create_at, account_id) values (222, 'Maecenas ut massa quis augue luctus tincidunt. Nulla mollis molestie lorem. Quisque ut erat.

Curabitur gravida nisi at nibh. In hac habitasse platea dictumst. Aliquam augue quam, sollicitudin vitae, consectetuer eget, rutrum at, lorem.

Integer tincidunt ante vel ipsum. Praesent blandit lacinia erat. Vestibulum sed magna at nunc commodo placerat.', 3, '2021-08-25 16:12:05', 7);
insert into blog (id, content, title, create_at, account_id) values (223, 'Maecenas leo odio, condimentum id, luctus nec, molestie sed, justo. Pellentesque viverra pede ac diam. Cras pellentesque volutpat dui.

Maecenas tristique, est et tempus semper, est quam pharetra magna, ac consequat metus sapien ut nunc. Vestibulum ante ipsum primis in faucibus orci luctus et ultrices posuere cubilia Curae; Mauris viverra diam vitae quam. Suspendisse potenti.', 1, '2022-01-23 01:04:49', 9);
insert into blog (id, content, title, create_at, account_id) values (224, 'Maecenas tristique, est et tempus semper, est quam pharetra magna, ac consequat metus sapien ut nunc. Vestibulum ante ipsum primis in faucibus orci luctus et ultrices posuere cubilia Curae; Mauris viverra diam vitae quam. Suspendisse potenti.

Nullam porttitor lacus at turpis. Donec posuere metus vitae ipsum. Aliquam non mauris.', 2, '2022-02-01 00:37:31', 2);
insert into blog (id, content, title, create_at, account_id) values (225, 'In congue. Etiam justo. Etiam pretium iaculis justo.

In hac habitasse platea dictumst. Etiam faucibus cursus urna. Ut tellus.

Nulla ut erat id mauris vulputate elementum. Nullam varius. Nulla facilisi.

Cras non velit nec nisi vulputate nonummy. Maecenas tincidunt lacus at velit. Vivamus vel nulla eget eros elementum pellentesque.', 3, '2021-09-18 09:45:24', 4);
insert into blog (id, content, title, create_at, account_id) values (226, 'Sed sagittis. Nam congue, risus semper porta volutpat, quam pede lobortis ligula, sit amet eleifend pede libero quis orci. Nullam molestie nibh in lectus.

Pellentesque at nulla. Suspendisse potenti. Cras in purus eu magna vulputate luctus.

Cum sociis natoque penatibus et magnis dis parturient montes, nascetur ridiculus mus. Vivamus vestibulum sagittis sapien. Cum sociis natoque penatibus et magnis dis parturient montes, nascetur ridiculus mus.', 1, '2021-10-16 15:57:40', 3);
insert into blog (id, content, title, create_at, account_id) values (227, 'Donec diam neque, vestibulum eget, vulputate ut, ultrices vel, augue. Vestibulum ante ipsum primis in faucibus orci luctus et ultrices posuere cubilia Curae; Donec pharetra, magna vestibulum aliquet ultrices, erat tortor sollicitudin mi, sit amet lobortis sapien sapien non mi. Integer ac neque.

Duis bibendum. Morbi non quam nec dui luctus rutrum. Nulla tellus.', 2, '2022-02-08 14:01:10', 2);
insert into blog (id, content, title, create_at, account_id) values (228, 'Vestibulum quam sapien, varius ut, blandit non, interdum in, ante. Vestibulum ante ipsum primis in faucibus orci luctus et ultrices posuere cubilia Curae; Duis faucibus accumsan odio. Curabitur convallis.

Duis consequat dui nec nisi volutpat eleifend. Donec ut dolor. Morbi vel lectus in quam fringilla rhoncus.

Mauris enim leo, rhoncus sed, vestibulum sit amet, cursus id, turpis. Integer aliquet, massa id lobortis convallis, tortor risus dapibus augue, vel accumsan tellus nisi eu orci. Mauris lacinia sapien quis libero.', 3, '2022-05-11 16:13:09', 9);
insert into blog (id, content, title, create_at, account_id) values (229, 'Vestibulum ac est lacinia nisi venenatis tristique. Fusce congue, diam id ornare imperdiet, sapien urna pretium nisl, ut volutpat sapien arcu sed augue. Aliquam erat volutpat.

In congue. Etiam justo. Etiam pretium iaculis justo.', 1, '2022-07-19 08:04:14', 7);
insert into blog (id, content, title, create_at, account_id) values (230, 'Nullam porttitor lacus at turpis. Donec posuere metus vitae ipsum. Aliquam non mauris.

Morbi non lectus. Aliquam sit amet diam in magna bibendum imperdiet. Nullam orci pede, venenatis non, sodales sed, tincidunt eu, felis.

Fusce posuere felis sed lacus. Morbi sem mauris, laoreet ut, rhoncus aliquet, pulvinar sed, nisl. Nunc rhoncus dui vel sem.

Sed sagittis. Nam congue, risus semper porta volutpat, quam pede lobortis ligula, sit amet eleifend pede libero quis orci. Nullam molestie nibh in lectus.', 2, '2022-06-06 02:25:09', 2);
insert into blog (id, content, title, create_at, account_id) values (231, 'Nullam porttitor lacus at turpis. Donec posuere metus vitae ipsum. Aliquam non mauris.

Morbi non lectus. Aliquam sit amet diam in magna bibendum imperdiet. Nullam orci pede, venenatis non, sodales sed, tincidunt eu, felis.', 3, '2022-05-01 07:40:23', 5);
insert into blog (id, content, title, create_at, account_id) values (232, 'Sed sagittis. Nam congue, risus semper porta volutpat, quam pede lobortis ligula, sit amet eleifend pede libero quis orci. Nullam molestie nibh in lectus.

Pellentesque at nulla. Suspendisse potenti. Cras in purus eu magna vulputate luctus.

Cum sociis natoque penatibus et magnis dis parturient montes, nascetur ridiculus mus. Vivamus vestibulum sagittis sapien. Cum sociis natoque penatibus et magnis dis parturient montes, nascetur ridiculus mus.

Etiam vel augue. Vestibulum rutrum rutrum neque. Aenean auctor gravida sem.', 1, '2022-04-09 22:52:44', 5);
insert into blog (id, content, title, create_at, account_id) values (233, 'In hac habitasse platea dictumst. Etiam faucibus cursus urna. Ut tellus.

Nulla ut erat id mauris vulputate elementum. Nullam varius. Nulla facilisi.

Cras non velit nec nisi vulputate nonummy. Maecenas tincidunt lacus at velit. Vivamus vel nulla eget eros elementum pellentesque.', 2, '2022-02-21 14:07:38', 7);
insert into blog (id, content, title, create_at, account_id) values (234, 'Fusce consequat. Nulla nisl. Nunc nisl.

Duis bibendum, felis sed interdum venenatis, turpis enim blandit mi, in porttitor pede justo eu massa. Donec dapibus. Duis at velit eu est congue elementum.

In hac habitasse platea dictumst. Morbi vestibulum, velit id pretium iaculis, diam erat fermentum justo, nec condimentum neque sapien placerat ante. Nulla justo.', 3, '2021-12-22 15:24:13', 4);
insert into blog (id, content, title, create_at, account_id) values (235, 'Lorem ipsum dolor sit amet, consectetuer adipiscing elit. Proin risus. Praesent lectus.

Vestibulum quam sapien, varius ut, blandit non, interdum in, ante. Vestibulum ante ipsum primis in faucibus orci luctus et ultrices posuere cubilia Curae; Duis faucibus accumsan odio. Curabitur convallis.

Duis consequat dui nec nisi volutpat eleifend. Donec ut dolor. Morbi vel lectus in quam fringilla rhoncus.

Mauris enim leo, rhoncus sed, vestibulum sit amet, cursus id, turpis. Integer aliquet, massa id lobortis convallis, tortor risus dapibus augue, vel accumsan tellus nisi eu orci. Mauris lacinia sapien quis libero.', 1, '2022-07-26 20:47:19', 6);
insert into blog (id, content, title, create_at, account_id) values (236, 'Duis aliquam convallis nunc. Proin at turpis a pede posuere nonummy. Integer non velit.

Donec diam neque, vestibulum eget, vulputate ut, ultrices vel, augue. Vestibulum ante ipsum primis in faucibus orci luctus et ultrices posuere cubilia Curae; Donec pharetra, magna vestibulum aliquet ultrices, erat tortor sollicitudin mi, sit amet lobortis sapien sapien non mi. Integer ac neque.

Duis bibendum. Morbi non quam nec dui luctus rutrum. Nulla tellus.

In sagittis dui vel nisl. Duis ac nibh. Fusce lacus purus, aliquet at, feugiat non, pretium quis, lectus.', 2, '2021-09-22 01:25:37', 9);
insert into blog (id, content, title, create_at, account_id) values (237, 'Maecenas ut massa quis augue luctus tincidunt. Nulla mollis molestie lorem. Quisque ut erat.

Curabitur gravida nisi at nibh. In hac habitasse platea dictumst. Aliquam augue quam, sollicitudin vitae, consectetuer eget, rutrum at, lorem.

Integer tincidunt ante vel ipsum. Praesent blandit lacinia erat. Vestibulum sed magna at nunc commodo placerat.', 3, '2021-11-04 05:28:11', 6);
insert into blog (id, content, title, create_at, account_id) values (238, 'Nam ultrices, libero non mattis pulvinar, nulla pede ullamcorper augue, a suscipit nulla elit ac nulla. Sed vel enim sit amet nunc viverra dapibus. Nulla suscipit ligula in lacus.

Curabitur at ipsum ac tellus semper interdum. Mauris ullamcorper purus sit amet nulla. Quisque arcu libero, rutrum ac, lobortis vel, dapibus at, diam.', 1, '2022-01-15 13:32:12', 2);
insert into blog (id, content, title, create_at, account_id) values (239, 'Integer ac leo. Pellentesque ultrices mattis odio. Donec vitae nisi.

Nam ultrices, libero non mattis pulvinar, nulla pede ullamcorper augue, a suscipit nulla elit ac nulla. Sed vel enim sit amet nunc viverra dapibus. Nulla suscipit ligula in lacus.', 2, '2021-11-06 08:23:44', 10);
insert into blog (id, content, title, create_at, account_id) values (240, 'In congue. Etiam justo. Etiam pretium iaculis justo.

In hac habitasse platea dictumst. Etiam faucibus cursus urna. Ut tellus.

Nulla ut erat id mauris vulputate elementum. Nullam varius. Nulla facilisi.

Cras non velit nec nisi vulputate nonummy. Maecenas tincidunt lacus at velit. Vivamus vel nulla eget eros elementum pellentesque.', 3, '2022-05-28 11:14:08', 7);
insert into blog (id, content, title, create_at, account_id) values (241, 'Aenean fermentum. Donec ut mauris eget massa tempor convallis. Nulla neque libero, convallis eget, eleifend luctus, ultricies eu, nibh.

Quisque id justo sit amet sapien dignissim vestibulum. Vestibulum ante ipsum primis in faucibus orci luctus et ultrices posuere cubilia Curae; Nulla dapibus dolor vel est. Donec odio justo, sollicitudin ut, suscipit a, feugiat et, eros.', 1, '2021-09-08 19:00:13', 5);
insert into blog (id, content, title, create_at, account_id) values (242, 'Nullam porttitor lacus at turpis. Donec posuere metus vitae ipsum. Aliquam non mauris.

Morbi non lectus. Aliquam sit amet diam in magna bibendum imperdiet. Nullam orci pede, venenatis non, sodales sed, tincidunt eu, felis.', 2, '2021-10-02 12:07:21', 10);
insert into blog (id, content, title, create_at, account_id) values (243, 'In quis justo. Maecenas rhoncus aliquam lacus. Morbi quis tortor id nulla ultrices aliquet.

Maecenas leo odio, condimentum id, luctus nec, molestie sed, justo. Pellentesque viverra pede ac diam. Cras pellentesque volutpat dui.

Maecenas tristique, est et tempus semper, est quam pharetra magna, ac consequat metus sapien ut nunc. Vestibulum ante ipsum primis in faucibus orci luctus et ultrices posuere cubilia Curae; Mauris viverra diam vitae quam. Suspendisse potenti.', 3, '2021-09-08 08:06:07', 2);
insert into blog (id, content, title, create_at, account_id) values (244, 'Praesent blandit. Nam nulla. Integer pede justo, lacinia eget, tincidunt eget, tempus vel, pede.

Morbi porttitor lorem id ligula. Suspendisse ornare consequat lectus. In est risus, auctor sed, tristique in, tempus sit amet, sem.

Fusce consequat. Nulla nisl. Nunc nisl.', 1, '2021-09-21 23:31:04', 7);
insert into blog (id, content, title, create_at, account_id) values (245, 'Phasellus in felis. Donec semper sapien a libero. Nam dui.

Proin leo odio, porttitor id, consequat in, consequat ut, nulla. Sed accumsan felis. Ut at dolor quis odio consequat varius.', 2, '2021-11-23 16:54:53', 3);
insert into blog (id, content, title, create_at, account_id) values (246, 'Phasellus sit amet erat. Nulla tempus. Vivamus in felis eu sapien cursus vestibulum.

Proin eu mi. Nulla ac enim. In tempor, turpis nec euismod scelerisque, quam turpis adipiscing lorem, vitae mattis nibh ligula nec sem.', 3, '2022-04-23 18:28:39', 9);
insert into blog (id, content, title, create_at, account_id) values (247, 'Mauris enim leo, rhoncus sed, vestibulum sit amet, cursus id, turpis. Integer aliquet, massa id lobortis convallis, tortor risus dapibus augue, vel accumsan tellus nisi eu orci. Mauris lacinia sapien quis libero.

Nullam sit amet turpis elementum ligula vehicula consequat. Morbi a ipsum. Integer a nibh.

In quis justo. Maecenas rhoncus aliquam lacus. Morbi quis tortor id nulla ultrices aliquet.

Maecenas leo odio, condimentum id, luctus nec, molestie sed, justo. Pellentesque viverra pede ac diam. Cras pellentesque volutpat dui.', 1, '2022-03-14 00:29:27', 4);
insert into blog (id, content, title, create_at, account_id) values (248, 'Vestibulum ac est lacinia nisi venenatis tristique. Fusce congue, diam id ornare imperdiet, sapien urna pretium nisl, ut volutpat sapien arcu sed augue. Aliquam erat volutpat.

In congue. Etiam justo. Etiam pretium iaculis justo.

In hac habitasse platea dictumst. Etiam faucibus cursus urna. Ut tellus.

Nulla ut erat id mauris vulputate elementum. Nullam varius. Nulla facilisi.', 2, '2021-11-07 19:25:20', 8);
insert into blog (id, content, title, create_at, account_id) values (249, 'Praesent id massa id nisl venenatis lacinia. Aenean sit amet justo. Morbi ut odio.

Cras mi pede, malesuada in, imperdiet et, commodo vulputate, justo. In blandit ultrices enim. Lorem ipsum dolor sit amet, consectetuer adipiscing elit.

Proin interdum mauris non ligula pellentesque ultrices. Phasellus id sapien in sapien iaculis congue. Vivamus metus arcu, adipiscing molestie, hendrerit at, vulputate vitae, nisl.

Aenean lectus. Pellentesque eget nunc. Donec quis orci eget orci vehicula condimentum.', 3, '2021-11-12 19:57:59', 3);
insert into blog (id, content, title, create_at, account_id) values (250, 'Maecenas ut massa quis augue luctus tincidunt. Nulla mollis molestie lorem. Quisque ut erat.

Curabitur gravida nisi at nibh. In hac habitasse platea dictumst. Aliquam augue quam, sollicitudin vitae, consectetuer eget, rutrum at, lorem.', 1, '2022-02-05 18:31:18', 1);
insert into blog (id, content, title, create_at, account_id) values (251, 'In hac habitasse platea dictumst. Morbi vestibulum, velit id pretium iaculis, diam erat fermentum justo, nec condimentum neque sapien placerat ante. Nulla justo.

Aliquam quis turpis eget elit sodales scelerisque. Mauris sit amet eros. Suspendisse accumsan tortor quis turpis.

Sed ante. Vivamus tortor. Duis mattis egestas metus.

Aenean fermentum. Donec ut mauris eget massa tempor convallis. Nulla neque libero, convallis eget, eleifend luctus, ultricies eu, nibh.', 2, '2022-03-19 10:41:03', 8);
insert into blog (id, content, title, create_at, account_id) values (252, 'Fusce posuere felis sed lacus. Morbi sem mauris, laoreet ut, rhoncus aliquet, pulvinar sed, nisl. Nunc rhoncus dui vel sem.

Sed sagittis. Nam congue, risus semper porta volutpat, quam pede lobortis ligula, sit amet eleifend pede libero quis orci. Nullam molestie nibh in lectus.

Pellentesque at nulla. Suspendisse potenti. Cras in purus eu magna vulputate luctus.

Cum sociis natoque penatibus et magnis dis parturient montes, nascetur ridiculus mus. Vivamus vestibulum sagittis sapien. Cum sociis natoque penatibus et magnis dis parturient montes, nascetur ridiculus mus.', 3, '2021-08-19 13:16:55', 4);
insert into blog (id, content, title, create_at, account_id) values (253, 'Praesent blandit. Nam nulla. Integer pede justo, lacinia eget, tincidunt eget, tempus vel, pede.

Morbi porttitor lorem id ligula. Suspendisse ornare consequat lectus. In est risus, auctor sed, tristique in, tempus sit amet, sem.

Fusce consequat. Nulla nisl. Nunc nisl.', 1, '2021-10-23 09:16:04', 3);
insert into blog (id, content, title, create_at, account_id) values (254, 'Suspendisse potenti. In eleifend quam a odio. In hac habitasse platea dictumst.

Maecenas ut massa quis augue luctus tincidunt. Nulla mollis molestie lorem. Quisque ut erat.', 2, '2021-12-01 13:33:17', 10);
insert into blog (id, content, title, create_at, account_id) values (255, 'Maecenas ut massa quis augue luctus tincidunt. Nulla mollis molestie lorem. Quisque ut erat.

Curabitur gravida nisi at nibh. In hac habitasse platea dictumst. Aliquam augue quam, sollicitudin vitae, consectetuer eget, rutrum at, lorem.

Integer tincidunt ante vel ipsum. Praesent blandit lacinia erat. Vestibulum sed magna at nunc commodo placerat.

Praesent blandit. Nam nulla. Integer pede justo, lacinia eget, tincidunt eget, tempus vel, pede.', 3, '2022-01-24 13:12:55', 5);
insert into blog (id, content, title, create_at, account_id) values (256, 'In congue. Etiam justo. Etiam pretium iaculis justo.

In hac habitasse platea dictumst. Etiam faucibus cursus urna. Ut tellus.', 1, '2021-12-10 22:34:36', 9);
insert into blog (id, content, title, create_at, account_id) values (257, 'Vestibulum quam sapien, varius ut, blandit non, interdum in, ante. Vestibulum ante ipsum primis in faucibus orci luctus et ultrices posuere cubilia Curae; Duis faucibus accumsan odio. Curabitur convallis.

Duis consequat dui nec nisi volutpat eleifend. Donec ut dolor. Morbi vel lectus in quam fringilla rhoncus.

Mauris enim leo, rhoncus sed, vestibulum sit amet, cursus id, turpis. Integer aliquet, massa id lobortis convallis, tortor risus dapibus augue, vel accumsan tellus nisi eu orci. Mauris lacinia sapien quis libero.

Nullam sit amet turpis elementum ligula vehicula consequat. Morbi a ipsum. Integer a nibh.', 2, '2022-03-29 05:27:21', 8);
insert into blog (id, content, title, create_at, account_id) values (258, 'Sed sagittis. Nam congue, risus semper porta volutpat, quam pede lobortis ligula, sit amet eleifend pede libero quis orci. Nullam molestie nibh in lectus.

Pellentesque at nulla. Suspendisse potenti. Cras in purus eu magna vulputate luctus.

Cum sociis natoque penatibus et magnis dis parturient montes, nascetur ridiculus mus. Vivamus vestibulum sagittis sapien. Cum sociis natoque penatibus et magnis dis parturient montes, nascetur ridiculus mus.', 3, '2022-06-13 16:24:25', 6);
insert into blog (id, content, title, create_at, account_id) values (259, 'Maecenas tristique, est et tempus semper, est quam pharetra magna, ac consequat metus sapien ut nunc. Vestibulum ante ipsum primis in faucibus orci luctus et ultrices posuere cubilia Curae; Mauris viverra diam vitae quam. Suspendisse potenti.

Nullam porttitor lacus at turpis. Donec posuere metus vitae ipsum. Aliquam non mauris.

Morbi non lectus. Aliquam sit amet diam in magna bibendum imperdiet. Nullam orci pede, venenatis non, sodales sed, tincidunt eu, felis.

Fusce posuere felis sed lacus. Morbi sem mauris, laoreet ut, rhoncus aliquet, pulvinar sed, nisl. Nunc rhoncus dui vel sem.', 1, '2022-02-15 15:36:07', 4);
insert into blog (id, content, title, create_at, account_id) values (260, 'Sed sagittis. Nam congue, risus semper porta volutpat, quam pede lobortis ligula, sit amet eleifend pede libero quis orci. Nullam molestie nibh in lectus.

Pellentesque at nulla. Suspendisse potenti. Cras in purus eu magna vulputate luctus.

Cum sociis natoque penatibus et magnis dis parturient montes, nascetur ridiculus mus. Vivamus vestibulum sagittis sapien. Cum sociis natoque penatibus et magnis dis parturient montes, nascetur ridiculus mus.', 2, '2022-05-05 09:04:27', 8);
insert into blog (id, content, title, create_at, account_id) values (261, 'Praesent blandit. Nam nulla. Integer pede justo, lacinia eget, tincidunt eget, tempus vel, pede.

Morbi porttitor lorem id ligula. Suspendisse ornare consequat lectus. In est risus, auctor sed, tristique in, tempus sit amet, sem.

Fusce consequat. Nulla nisl. Nunc nisl.', 3, '2022-07-20 02:18:26', 10);
insert into blog (id, content, title, create_at, account_id) values (262, 'In hac habitasse platea dictumst. Etiam faucibus cursus urna. Ut tellus.

Nulla ut erat id mauris vulputate elementum. Nullam varius. Nulla facilisi.', 1, '2021-12-28 02:40:28', 2);
insert into blog (id, content, title, create_at, account_id) values (263, 'Mauris enim leo, rhoncus sed, vestibulum sit amet, cursus id, turpis. Integer aliquet, massa id lobortis convallis, tortor risus dapibus augue, vel accumsan tellus nisi eu orci. Mauris lacinia sapien quis libero.

Nullam sit amet turpis elementum ligula vehicula consequat. Morbi a ipsum. Integer a nibh.

In quis justo. Maecenas rhoncus aliquam lacus. Morbi quis tortor id nulla ultrices aliquet.', 2, '2022-03-05 16:22:39', 8);
insert into blog (id, content, title, create_at, account_id) values (264, 'Praesent id massa id nisl venenatis lacinia. Aenean sit amet justo. Morbi ut odio.

Cras mi pede, malesuada in, imperdiet et, commodo vulputate, justo. In blandit ultrices enim. Lorem ipsum dolor sit amet, consectetuer adipiscing elit.', 3, '2021-09-24 13:17:51', 5);
insert into blog (id, content, title, create_at, account_id) values (265, 'Cras mi pede, malesuada in, imperdiet et, commodo vulputate, justo. In blandit ultrices enim. Lorem ipsum dolor sit amet, consectetuer adipiscing elit.

Proin interdum mauris non ligula pellentesque ultrices. Phasellus id sapien in sapien iaculis congue. Vivamus metus arcu, adipiscing molestie, hendrerit at, vulputate vitae, nisl.

Aenean lectus. Pellentesque eget nunc. Donec quis orci eget orci vehicula condimentum.', 1, '2021-11-02 08:47:02', 1);
insert into blog (id, content, title, create_at, account_id) values (266, 'Duis bibendum. Morbi non quam nec dui luctus rutrum. Nulla tellus.

In sagittis dui vel nisl. Duis ac nibh. Fusce lacus purus, aliquet at, feugiat non, pretium quis, lectus.

Suspendisse potenti. In eleifend quam a odio. In hac habitasse platea dictumst.', 2, '2022-01-10 06:04:36', 2);
insert into blog (id, content, title, create_at, account_id) values (267, 'Cras non velit nec nisi vulputate nonummy. Maecenas tincidunt lacus at velit. Vivamus vel nulla eget eros elementum pellentesque.

Quisque porta volutpat erat. Quisque erat eros, viverra eget, congue eget, semper rutrum, nulla. Nunc purus.

Phasellus in felis. Donec semper sapien a libero. Nam dui.', 3, '2021-09-28 18:53:38', 8);
insert into blog (id, content, title, create_at, account_id) values (268, 'Etiam vel augue. Vestibulum rutrum rutrum neque. Aenean auctor gravida sem.

Praesent id massa id nisl venenatis lacinia. Aenean sit amet justo. Morbi ut odio.', 1, '2022-04-14 16:00:03', 6);
insert into blog (id, content, title, create_at, account_id) values (269, 'Morbi porttitor lorem id ligula. Suspendisse ornare consequat lectus. In est risus, auctor sed, tristique in, tempus sit amet, sem.

Fusce consequat. Nulla nisl. Nunc nisl.

Duis bibendum, felis sed interdum venenatis, turpis enim blandit mi, in porttitor pede justo eu massa. Donec dapibus. Duis at velit eu est congue elementum.

In hac habitasse platea dictumst. Morbi vestibulum, velit id pretium iaculis, diam erat fermentum justo, nec condimentum neque sapien placerat ante. Nulla justo.', 2, '2021-10-15 08:18:15', 8);
insert into blog (id, content, title, create_at, account_id) values (270, 'Praesent id massa id nisl venenatis lacinia. Aenean sit amet justo. Morbi ut odio.

Cras mi pede, malesuada in, imperdiet et, commodo vulputate, justo. In blandit ultrices enim. Lorem ipsum dolor sit amet, consectetuer adipiscing elit.', 3, '2022-05-03 02:36:44', 7);
insert into blog (id, content, title, create_at, account_id) values (271, 'Duis bibendum. Morbi non quam nec dui luctus rutrum. Nulla tellus.

In sagittis dui vel nisl. Duis ac nibh. Fusce lacus purus, aliquet at, feugiat non, pretium quis, lectus.

Suspendisse potenti. In eleifend quam a odio. In hac habitasse platea dictumst.', 1, '2022-01-04 14:31:06', 10);
insert into blog (id, content, title, create_at, account_id) values (272, 'Proin leo odio, porttitor id, consequat in, consequat ut, nulla. Sed accumsan felis. Ut at dolor quis odio consequat varius.

Integer ac leo. Pellentesque ultrices mattis odio. Donec vitae nisi.

Nam ultrices, libero non mattis pulvinar, nulla pede ullamcorper augue, a suscipit nulla elit ac nulla. Sed vel enim sit amet nunc viverra dapibus. Nulla suscipit ligula in lacus.', 2, '2021-11-22 17:09:00', 5);
insert into blog (id, content, title, create_at, account_id) values (273, 'Etiam vel augue. Vestibulum rutrum rutrum neque. Aenean auctor gravida sem.

Praesent id massa id nisl venenatis lacinia. Aenean sit amet justo. Morbi ut odio.

Cras mi pede, malesuada in, imperdiet et, commodo vulputate, justo. In blandit ultrices enim. Lorem ipsum dolor sit amet, consectetuer adipiscing elit.

Proin interdum mauris non ligula pellentesque ultrices. Phasellus id sapien in sapien iaculis congue. Vivamus metus arcu, adipiscing molestie, hendrerit at, vulputate vitae, nisl.', 3, '2022-01-22 01:34:52', 9);
insert into blog (id, content, title, create_at, account_id) values (274, 'Duis bibendum, felis sed interdum venenatis, turpis enim blandit mi, in porttitor pede justo eu massa. Donec dapibus. Duis at velit eu est congue elementum.

In hac habitasse platea dictumst. Morbi vestibulum, velit id pretium iaculis, diam erat fermentum justo, nec condimentum neque sapien placerat ante. Nulla justo.

Aliquam quis turpis eget elit sodales scelerisque. Mauris sit amet eros. Suspendisse accumsan tortor quis turpis.

Sed ante. Vivamus tortor. Duis mattis egestas metus.', 1, '2021-11-12 04:41:58', 3);
insert into blog (id, content, title, create_at, account_id) values (275, 'Integer ac leo. Pellentesque ultrices mattis odio. Donec vitae nisi.

Nam ultrices, libero non mattis pulvinar, nulla pede ullamcorper augue, a suscipit nulla elit ac nulla. Sed vel enim sit amet nunc viverra dapibus. Nulla suscipit ligula in lacus.

Curabitur at ipsum ac tellus semper interdum. Mauris ullamcorper purus sit amet nulla. Quisque arcu libero, rutrum ac, lobortis vel, dapibus at, diam.', 2, '2022-02-06 20:05:35', 1);
insert into blog (id, content, title, create_at, account_id) values (276, 'Nulla ut erat id mauris vulputate elementum. Nullam varius. Nulla facilisi.

Cras non velit nec nisi vulputate nonummy. Maecenas tincidunt lacus at velit. Vivamus vel nulla eget eros elementum pellentesque.

Quisque porta volutpat erat. Quisque erat eros, viverra eget, congue eget, semper rutrum, nulla. Nunc purus.', 3, '2021-09-17 18:35:46', 6);
insert into blog (id, content, title, create_at, account_id) values (277, 'In congue. Etiam justo. Etiam pretium iaculis justo.

In hac habitasse platea dictumst. Etiam faucibus cursus urna. Ut tellus.

Nulla ut erat id mauris vulputate elementum. Nullam varius. Nulla facilisi.', 1, '2021-08-27 02:17:34', 8);
insert into blog (id, content, title, create_at, account_id) values (278, 'Lorem ipsum dolor sit amet, consectetuer adipiscing elit. Proin risus. Praesent lectus.

Vestibulum quam sapien, varius ut, blandit non, interdum in, ante. Vestibulum ante ipsum primis in faucibus orci luctus et ultrices posuere cubilia Curae; Duis faucibus accumsan odio. Curabitur convallis.

Duis consequat dui nec nisi volutpat eleifend. Donec ut dolor. Morbi vel lectus in quam fringilla rhoncus.', 2, '2022-04-06 13:01:09', 3);
insert into blog (id, content, title, create_at, account_id) values (279, 'Cras mi pede, malesuada in, imperdiet et, commodo vulputate, justo. In blandit ultrices enim. Lorem ipsum dolor sit amet, consectetuer adipiscing elit.

Proin interdum mauris non ligula pellentesque ultrices. Phasellus id sapien in sapien iaculis congue. Vivamus metus arcu, adipiscing molestie, hendrerit at, vulputate vitae, nisl.

Aenean lectus. Pellentesque eget nunc. Donec quis orci eget orci vehicula condimentum.', 3, '2022-03-15 17:23:47', 4);
insert into blog (id, content, title, create_at, account_id) values (280, 'Aenean lectus. Pellentesque eget nunc. Donec quis orci eget orci vehicula condimentum.

Curabitur in libero ut massa volutpat convallis. Morbi odio odio, elementum eu, interdum eu, tincidunt in, leo. Maecenas pulvinar lobortis est.', 1, '2021-08-19 03:42:58', 1);
insert into blog (id, content, title, create_at, account_id) values (281, 'In quis justo. Maecenas rhoncus aliquam lacus. Morbi quis tortor id nulla ultrices aliquet.

Maecenas leo odio, condimentum id, luctus nec, molestie sed, justo. Pellentesque viverra pede ac diam. Cras pellentesque volutpat dui.

Maecenas tristique, est et tempus semper, est quam pharetra magna, ac consequat metus sapien ut nunc. Vestibulum ante ipsum primis in faucibus orci luctus et ultrices posuere cubilia Curae; Mauris viverra diam vitae quam. Suspendisse potenti.', 2, '2022-03-15 17:06:49', 4);
insert into blog (id, content, title, create_at, account_id) values (282, 'Fusce consequat. Nulla nisl. Nunc nisl.

Duis bibendum, felis sed interdum venenatis, turpis enim blandit mi, in porttitor pede justo eu massa. Donec dapibus. Duis at velit eu est congue elementum.

In hac habitasse platea dictumst. Morbi vestibulum, velit id pretium iaculis, diam erat fermentum justo, nec condimentum neque sapien placerat ante. Nulla justo.

Aliquam quis turpis eget elit sodales scelerisque. Mauris sit amet eros. Suspendisse accumsan tortor quis turpis.', 3, '2022-05-26 01:25:55', 5);
insert into blog (id, content, title, create_at, account_id) values (283, 'Maecenas leo odio, condimentum id, luctus nec, molestie sed, justo. Pellentesque viverra pede ac diam. Cras pellentesque volutpat dui.

Maecenas tristique, est et tempus semper, est quam pharetra magna, ac consequat metus sapien ut nunc. Vestibulum ante ipsum primis in faucibus orci luctus et ultrices posuere cubilia Curae; Mauris viverra diam vitae quam. Suspendisse potenti.', 1, '2022-03-14 20:33:16', 9);
insert into blog (id, content, title, create_at, account_id) values (284, 'Duis aliquam convallis nunc. Proin at turpis a pede posuere nonummy. Integer non velit.

Donec diam neque, vestibulum eget, vulputate ut, ultrices vel, augue. Vestibulum ante ipsum primis in faucibus orci luctus et ultrices posuere cubilia Curae; Donec pharetra, magna vestibulum aliquet ultrices, erat tortor sollicitudin mi, sit amet lobortis sapien sapien non mi. Integer ac neque.', 2, '2022-05-11 15:55:13', 10);
insert into blog (id, content, title, create_at, account_id) values (285, 'Fusce consequat. Nulla nisl. Nunc nisl.

Duis bibendum, felis sed interdum venenatis, turpis enim blandit mi, in porttitor pede justo eu massa. Donec dapibus. Duis at velit eu est congue elementum.', 3, '2022-05-19 01:03:01', 2);
insert into blog (id, content, title, create_at, account_id) values (286, 'In congue. Etiam justo. Etiam pretium iaculis justo.

In hac habitasse platea dictumst. Etiam faucibus cursus urna. Ut tellus.', 1, '2022-03-12 20:08:45', 7);
insert into blog (id, content, title, create_at, account_id) values (287, 'Morbi porttitor lorem id ligula. Suspendisse ornare consequat lectus. In est risus, auctor sed, tristique in, tempus sit amet, sem.

Fusce consequat. Nulla nisl. Nunc nisl.

Duis bibendum, felis sed interdum venenatis, turpis enim blandit mi, in porttitor pede justo eu massa. Donec dapibus. Duis at velit eu est congue elementum.', 2, '2022-07-06 10:47:35', 8);
insert into blog (id, content, title, create_at, account_id) values (288, 'Cras non velit nec nisi vulputate nonummy. Maecenas tincidunt lacus at velit. Vivamus vel nulla eget eros elementum pellentesque.

Quisque porta volutpat erat. Quisque erat eros, viverra eget, congue eget, semper rutrum, nulla. Nunc purus.

Phasellus in felis. Donec semper sapien a libero. Nam dui.

Proin leo odio, porttitor id, consequat in, consequat ut, nulla. Sed accumsan felis. Ut at dolor quis odio consequat varius.', 3, '2021-11-23 04:10:59', 9);
insert into blog (id, content, title, create_at, account_id) values (289, 'Nullam sit amet turpis elementum ligula vehicula consequat. Morbi a ipsum. Integer a nibh.

In quis justo. Maecenas rhoncus aliquam lacus. Morbi quis tortor id nulla ultrices aliquet.', 1, '2021-12-15 23:23:42', 6);
insert into blog (id, content, title, create_at, account_id) values (290, 'Cum sociis natoque penatibus et magnis dis parturient montes, nascetur ridiculus mus. Vivamus vestibulum sagittis sapien. Cum sociis natoque penatibus et magnis dis parturient montes, nascetur ridiculus mus.

Etiam vel augue. Vestibulum rutrum rutrum neque. Aenean auctor gravida sem.

Praesent id massa id nisl venenatis lacinia. Aenean sit amet justo. Morbi ut odio.', 2, '2022-04-25 15:29:17', 3);
insert into blog (id, content, title, create_at, account_id) values (291, 'Maecenas leo odio, condimentum id, luctus nec, molestie sed, justo. Pellentesque viverra pede ac diam. Cras pellentesque volutpat dui.

Maecenas tristique, est et tempus semper, est quam pharetra magna, ac consequat metus sapien ut nunc. Vestibulum ante ipsum primis in faucibus orci luctus et ultrices posuere cubilia Curae; Mauris viverra diam vitae quam. Suspendisse potenti.

Nullam porttitor lacus at turpis. Donec posuere metus vitae ipsum. Aliquam non mauris.', 3, '2022-01-02 11:40:53', 8);
insert into blog (id, content, title, create_at, account_id) values (292, 'Proin eu mi. Nulla ac enim. In tempor, turpis nec euismod scelerisque, quam turpis adipiscing lorem, vitae mattis nibh ligula nec sem.

Duis aliquam convallis nunc. Proin at turpis a pede posuere nonummy. Integer non velit.

Donec diam neque, vestibulum eget, vulputate ut, ultrices vel, augue. Vestibulum ante ipsum primis in faucibus orci luctus et ultrices posuere cubilia Curae; Donec pharetra, magna vestibulum aliquet ultrices, erat tortor sollicitudin mi, sit amet lobortis sapien sapien non mi. Integer ac neque.

Duis bibendum. Morbi non quam nec dui luctus rutrum. Nulla tellus.', 1, '2022-04-18 16:29:18', 7);
insert into blog (id, content, title, create_at, account_id) values (293, 'Sed ante. Vivamus tortor. Duis mattis egestas metus.

Aenean fermentum. Donec ut mauris eget massa tempor convallis. Nulla neque libero, convallis eget, eleifend luctus, ultricies eu, nibh.

Quisque id justo sit amet sapien dignissim vestibulum. Vestibulum ante ipsum primis in faucibus orci luctus et ultrices posuere cubilia Curae; Nulla dapibus dolor vel est. Donec odio justo, sollicitudin ut, suscipit a, feugiat et, eros.

Vestibulum ac est lacinia nisi venenatis tristique. Fusce congue, diam id ornare imperdiet, sapien urna pretium nisl, ut volutpat sapien arcu sed augue. Aliquam erat volutpat.', 2, '2021-09-29 20:08:38', 3);
insert into blog (id, content, title, create_at, account_id) values (294, 'Nulla ut erat id mauris vulputate elementum. Nullam varius. Nulla facilisi.

Cras non velit nec nisi vulputate nonummy. Maecenas tincidunt lacus at velit. Vivamus vel nulla eget eros elementum pellentesque.

Quisque porta volutpat erat. Quisque erat eros, viverra eget, congue eget, semper rutrum, nulla. Nunc purus.', 3, '2022-01-12 05:26:07', 7);
insert into blog (id, content, title, create_at, account_id) values (295, 'Proin eu mi. Nulla ac enim. In tempor, turpis nec euismod scelerisque, quam turpis adipiscing lorem, vitae mattis nibh ligula nec sem.

Duis aliquam convallis nunc. Proin at turpis a pede posuere nonummy. Integer non velit.

Donec diam neque, vestibulum eget, vulputate ut, ultrices vel, augue. Vestibulum ante ipsum primis in faucibus orci luctus et ultrices posuere cubilia Curae; Donec pharetra, magna vestibulum aliquet ultrices, erat tortor sollicitudin mi, sit amet lobortis sapien sapien non mi. Integer ac neque.

Duis bibendum. Morbi non quam nec dui luctus rutrum. Nulla tellus.', 1, '2022-07-27 10:42:41', 1);
insert into blog (id, content, title, create_at, account_id) values (296, 'Proin leo odio, porttitor id, consequat in, consequat ut, nulla. Sed accumsan felis. Ut at dolor quis odio consequat varius.

Integer ac leo. Pellentesque ultrices mattis odio. Donec vitae nisi.', 2, '2022-05-11 14:18:37', 8);
insert into blog (id, content, title, create_at, account_id) values (297, 'Aliquam quis turpis eget elit sodales scelerisque. Mauris sit amet eros. Suspendisse accumsan tortor quis turpis.

Sed ante. Vivamus tortor. Duis mattis egestas metus.

Aenean fermentum. Donec ut mauris eget massa tempor convallis. Nulla neque libero, convallis eget, eleifend luctus, ultricies eu, nibh.', 3, '2022-05-04 15:57:33', 3);
insert into blog (id, content, title, create_at, account_id) values (298, 'Proin leo odio, porttitor id, consequat in, consequat ut, nulla. Sed accumsan felis. Ut at dolor quis odio consequat varius.

Integer ac leo. Pellentesque ultrices mattis odio. Donec vitae nisi.

Nam ultrices, libero non mattis pulvinar, nulla pede ullamcorper augue, a suscipit nulla elit ac nulla. Sed vel enim sit amet nunc viverra dapibus. Nulla suscipit ligula in lacus.', 1, '2021-10-05 22:07:18', 9);
insert into blog (id, content, title, create_at, account_id) values (299, 'Phasellus in felis. Donec semper sapien a libero. Nam dui.

Proin leo odio, porttitor id, consequat in, consequat ut, nulla. Sed accumsan felis. Ut at dolor quis odio consequat varius.

Integer ac leo. Pellentesque ultrices mattis odio. Donec vitae nisi.', 2, '2022-01-25 10:59:16', 8);
insert into blog (id, content, title, create_at, account_id) values (300, 'In hac habitasse platea dictumst. Etiam faucibus cursus urna. Ut tellus.

Nulla ut erat id mauris vulputate elementum. Nullam varius. Nulla facilisi.

Cras non velit nec nisi vulputate nonummy. Maecenas tincidunt lacus at velit. Vivamus vel nulla eget eros elementum pellentesque.', 3, '2022-07-23 06:13:11', 8);


insert into comment (id, blog_id, account_id, reply_to, content, create_at) values (1, 102, 4, null, 'Proin leo odio, porttitor id, consequat in, consequat ut, nulla.', '2022-01-06 02:55:52');
insert into comment (id, blog_id, account_id, reply_to, content, create_at) values (2, 273, 4, null, 'Duis mattis egestas metus.', '2022-01-17 12:22:13');
insert into comment (id, blog_id, account_id, reply_to, content, create_at) values (3, 176, 6, null, 'Sed accumsan felis.', '2022-01-06 18:08:48');
insert into comment (id, blog_id, account_id, reply_to, content, create_at) values (4, 72, 10, null, 'Morbi quis tortor id nulla ultrices aliquet.', '2022-03-24 07:51:50');
insert into comment (id, blog_id, account_id, reply_to, content, create_at) values (5, 258, 2, null, 'Duis ac nibh.', '2022-03-15 20:49:55');
insert into comment (id, blog_id, account_id, reply_to, content, create_at) values (6, 23, 10, null, 'Etiam justo.', '2022-06-10 16:37:06');
insert into comment (id, blog_id, account_id, reply_to, content, create_at) values (7, 164, 7, null, 'Nulla ac enim.', '2022-07-19 04:01:07');
insert into comment (id, blog_id, account_id, reply_to, content, create_at) values (8, 188, 3, null, 'Suspendisse ornare consequat lectus.', '2021-12-15 10:37:24');
insert into comment (id, blog_id, account_id, reply_to, content, create_at) values (9, 66, 10, null, 'Cras in purus eu magna vulputate luctus.', '2022-03-27 06:19:09');
insert into comment (id, blog_id, account_id, reply_to, content, create_at) values (10, 189, 5, null, 'Quisque id justo sit amet sapien dignissim vestibulum.', '2022-07-08 11:57:21');
insert into comment (id, blog_id, account_id, reply_to, content, create_at) values (11, 261, 9, null, 'Mauris sit amet eros.', '2022-01-25 11:09:16');
insert into comment (id, blog_id, account_id, reply_to, content, create_at) values (12, 42, 9, null, 'Donec diam neque, vestibulum eget, vulputate ut, ultrices vel, augue.', '2021-11-21 11:43:29');
insert into comment (id, blog_id, account_id, reply_to, content, create_at) values (13, 216, 8, null, 'Vestibulum rutrum rutrum neque.', '2022-02-05 13:39:30');
insert into comment (id, blog_id, account_id, reply_to, content, create_at) values (14, 299, 5, null, 'Phasellus id sapien in sapien iaculis congue.', '2022-01-30 06:41:36');
insert into comment (id, blog_id, account_id, reply_to, content, create_at) values (15, 53, 10, null, 'Maecenas rhoncus aliquam lacus.', '2022-05-12 22:37:33');
insert into comment (id, blog_id, account_id, reply_to, content, create_at) values (16, 141, 1, null, 'In hac habitasse platea dictumst.', '2022-02-21 15:57:22');
insert into comment (id, blog_id, account_id, reply_to, content, create_at) values (17, 164, 9, null, 'Suspendisse accumsan tortor quis turpis.', '2021-08-18 17:23:20');
insert into comment (id, blog_id, account_id, reply_to, content, create_at) values (18, 203, 4, null, 'Cras mi pede, malesuada in, imperdiet et, commodo vulputate, justo.', '2022-07-20 12:09:43');
insert into comment (id, blog_id, account_id, reply_to, content, create_at) values (19, 278, 5, null, 'Donec semper sapien a libero.', '2021-12-28 10:03:59');
insert into comment (id, blog_id, account_id, reply_to, content, create_at) values (20, 87, 5, null, 'Vestibulum sed magna at nunc commodo placerat.', '2022-07-21 00:51:53');
insert into comment (id, blog_id, account_id, reply_to, content, create_at) values (21, 98, 1, null, 'Proin eu mi.', '2022-03-26 15:56:11');
insert into comment (id, blog_id, account_id, reply_to, content, create_at) values (22, 64, 9, null, 'Morbi vel lectus in quam fringilla rhoncus.', '2022-01-08 07:23:42');
insert into comment (id, blog_id, account_id, reply_to, content, create_at) values (23, 118, 8, null, 'Morbi porttitor lorem id ligula.', '2022-02-16 05:34:46');
insert into comment (id, blog_id, account_id, reply_to, content, create_at) values (24, 127, 10, null, 'Phasellus in felis.', '2022-06-12 23:02:06');
insert into comment (id, blog_id, account_id, reply_to, content, create_at) values (25, 94, 5, null, 'Vestibulum sed magna at nunc commodo placerat.', '2021-12-01 04:35:43');
insert into comment (id, blog_id, account_id, reply_to, content, create_at) values (26, 294, 6, null, 'Mauris ullamcorper purus sit amet nulla.', '2021-10-06 02:34:20');
insert into comment (id, blog_id, account_id, reply_to, content, create_at) values (27, 193, 5, null, 'In hac habitasse platea dictumst.', '2022-03-15 22:10:03');
insert into comment (id, blog_id, account_id, reply_to, content, create_at) values (28, 106, 8, null, 'Pellentesque eget nunc.', '2021-10-10 00:31:39');
insert into comment (id, blog_id, account_id, reply_to, content, create_at) values (29, 253, 2, null, 'Quisque arcu libero, rutrum ac, lobortis vel, dapibus at, diam.', '2021-10-12 11:19:05');
insert into comment (id, blog_id, account_id, reply_to, content, create_at) values (30, 13, 4, null, 'Mauris sit amet eros.', '2022-04-06 05:41:34');
insert into comment (id, blog_id, account_id, reply_to, content, create_at) values (31, 154, 8, null, 'Pellentesque ultrices mattis odio.', '2022-07-03 06:13:03');
insert into comment (id, blog_id, account_id, reply_to, content, create_at) values (32, 209, 10, null, 'In hac habitasse platea dictumst.', '2021-09-06 21:50:10');
insert into comment (id, blog_id, account_id, reply_to, content, create_at) values (33, 145, 8, null, 'Proin leo odio, porttitor id, consequat in, consequat ut, nulla.', '2021-08-14 19:23:20');
insert into comment (id, blog_id, account_id, reply_to, content, create_at) values (34, 102, 8, null, 'Duis consequat dui nec nisi volutpat eleifend.', '2022-05-28 23:48:33');
insert into comment (id, blog_id, account_id, reply_to, content, create_at) values (35, 142, 10, null, 'In blandit ultrices enim.', '2022-05-10 05:43:09');
insert into comment (id, blog_id, account_id, reply_to, content, create_at) values (36, 93, 5, null, 'Proin interdum mauris non ligula pellentesque ultrices.', '2022-02-27 13:25:43');
insert into comment (id, blog_id, account_id, reply_to, content, create_at) values (37, 266, 9, null, 'Lorem ipsum dolor sit amet, consectetuer adipiscing elit.', '2022-02-20 23:01:07');
insert into comment (id, blog_id, account_id, reply_to, content, create_at) values (38, 152, 2, null, 'In blandit ultrices enim.', '2022-07-29 16:18:59');
insert into comment (id, blog_id, account_id, reply_to, content, create_at) values (39, 128, 6, null, 'In eleifend quam a odio.', '2021-08-29 12:41:34');
insert into comment (id, blog_id, account_id, reply_to, content, create_at) values (40, 108, 9, null, 'Curabitur at ipsum ac tellus semper interdum.', '2022-07-27 17:20:41');
insert into comment (id, blog_id, account_id, reply_to, content, create_at) values (41, 53, 2, null, 'Morbi a ipsum.', '2021-09-04 12:53:57');
insert into comment (id, blog_id, account_id, reply_to, content, create_at) values (42, 172, 4, null, 'Duis at velit eu est congue elementum.', '2022-05-08 03:40:25');
insert into comment (id, blog_id, account_id, reply_to, content, create_at) values (43, 176, 7, null, 'Pellentesque at nulla.', '2021-12-26 16:34:43');
insert into comment (id, blog_id, account_id, reply_to, content, create_at) values (44, 64, 3, null, 'Quisque arcu libero, rutrum ac, lobortis vel, dapibus at, diam.', '2021-10-07 05:55:27');
insert into comment (id, blog_id, account_id, reply_to, content, create_at) values (45, 12, 2, null, 'Sed sagittis.', '2021-12-13 17:18:02');
insert into comment (id, blog_id, account_id, reply_to, content, create_at) values (46, 184, 3, null, 'Integer pede justo, lacinia eget, tincidunt eget, tempus vel, pede.', '2021-08-30 15:16:55');
insert into comment (id, blog_id, account_id, reply_to, content, create_at) values (47, 19, 8, null, 'Nam dui.', '2022-04-16 00:12:52');
insert into comment (id, blog_id, account_id, reply_to, content, create_at) values (48, 79, 6, null, 'Cum sociis natoque penatibus et magnis dis parturient montes, nascetur ridiculus mus.', '2022-06-07 18:13:17');
insert into comment (id, blog_id, account_id, reply_to, content, create_at) values (49, 63, 5, null, 'In hac habitasse platea dictumst.', '2022-08-10 12:32:06');
insert into comment (id, blog_id, account_id, reply_to, content, create_at) values (50, 167, 5, null, 'In quis justo.', '2022-06-19 08:31:10');
insert into comment (blog_id, account_id, reply_to, content, create_at) values (215, 9, 24, 'Pellentesque viverra pede ac diam.', '2021-10-22 02:21:51');
insert into comment (blog_id, account_id, reply_to, content, create_at) values (13, 4, 49, 'In eleifend quam a odio.', '2022-02-01 13:52:17');
insert into comment (blog_id, account_id, reply_to, content, create_at) values (222, 4, 40, 'Nulla mollis molestie lorem.', '2022-01-01 20:43:56');
insert into comment (blog_id, account_id, reply_to, content, create_at) values (7, 5, 36, 'Nullam molestie nibh in lectus.', '2021-12-31 09:04:39');
insert into comment (blog_id, account_id, reply_to, content, create_at) values (145, 6, 19, 'Nunc purus.', '2021-09-12 10:28:00');
insert into comment (blog_id, account_id, reply_to, content, create_at) values (33, 4, 40, 'Aenean lectus.', '2022-04-05 02:45:37');
insert into comment (blog_id, account_id, reply_to, content, create_at) values (54, 8, 23, 'Suspendisse potenti.', '2022-06-12 22:54:58');
insert into comment (blog_id, account_id, reply_to, content, create_at) values (254, 6, 9, 'Fusce posuere felis sed lacus.', '2022-06-20 23:36:22');
insert into comment (blog_id, account_id, reply_to, content, create_at) values (272, 1, 33, 'Cras non velit nec nisi vulputate nonummy.', '2021-09-07 00:56:38');
insert into comment (blog_id, account_id, reply_to, content, create_at) values (17, 8, 37, 'Nam ultrices, libero non mattis pulvinar, nulla pede ullamcorper augue, a suscipit nulla elit ac nulla.', '2022-03-04 13:10:19');
insert into comment (blog_id, account_id, reply_to, content, create_at) values (172, 4, 28, 'Donec ut mauris eget massa tempor convallis.', '2022-07-12 03:55:56');
insert into comment (blog_id, account_id, reply_to, content, create_at) values (230, 9, 44, 'Nam congue, risus semper porta volutpat, quam pede lobortis ligula, sit amet eleifend pede libero quis orci.', '2021-12-15 19:36:57');
insert into comment (blog_id, account_id, reply_to, content, create_at) values (88, 9, 46, 'Nam nulla.', '2021-11-18 09:54:49');
insert into comment (blog_id, account_id, reply_to, content, create_at) values (292, 10, 19, 'Donec ut dolor.', '2022-04-04 21:27:53');
insert into comment (blog_id, account_id, reply_to, content, create_at) values (219, 4, 36, 'Vestibulum ante ipsum primis in faucibus orci luctus et ultrices posuere cubilia Curae; Donec pharetra, magna vestibulum aliquet ultrices, erat tortor sollicitudin mi, sit amet lobortis sapien sapien non mi.', '2021-08-30 04:31:23');
insert into comment (blog_id, account_id, reply_to, content, create_at) values (248, 5, 11, 'Etiam vel augue.', '2022-05-09 23:32:07');
insert into comment (blog_id, account_id, reply_to, content, create_at) values (35, 6, 32, 'Nulla ac enim.', '2021-08-18 06:19:56');
insert into comment (blog_id, account_id, reply_to, content, create_at) values (109, 6, 21, 'Cras pellentesque volutpat dui.', '2022-01-10 21:40:34');
insert into comment (blog_id, account_id, reply_to, content, create_at) values (135, 8, 32, 'Nulla ut erat id mauris vulputate elementum.', '2021-12-03 14:08:47');
insert into comment (blog_id, account_id, reply_to, content, create_at) values (208, 7, 38, 'Vivamus tortor.', '2022-06-15 00:30:13');


insert into rate (account_id, blog_id, rate, create_at) values (1, 87, 3, '2021-11-20 13:30:13');
insert into rate (account_id, blog_id, rate, create_at) values (1, 209, 5, '2021-11-04 08:18:42');
insert into rate (account_id, blog_id, rate, create_at) values (1, 278, 4, '2022-03-06 21:48:14');
insert into rate (account_id, blog_id, rate, create_at) values (5, 294, 3, '2022-04-18 17:58:16');
insert into rate (account_id, blog_id, rate, create_at) values (1, 94, 1, '2021-10-30 02:54:47');
insert into rate (account_id, blog_id, rate, create_at) values (4, 84, 5, '2021-11-21 00:06:52');
insert into rate (account_id, blog_id, rate, create_at) values (5, 132, 5, '2022-05-23 21:35:54');
insert into rate (account_id, blog_id, rate, create_at) values (10, 84, 4, '2021-12-14 14:58:34');
insert into rate (account_id, blog_id, rate, create_at) values (2, 46, 2, '2021-11-18 13:15:18');
insert into rate (account_id, blog_id, rate, create_at) values (1, 293, 1, '2021-10-13 22:53:19');
insert into rate (account_id, blog_id, rate, create_at) values (9, 15, 1, '2022-04-08 07:42:58');
insert into rate (account_id, blog_id, rate, create_at) values (7, 288, 5, '2022-02-06 02:20:22');
insert into rate (account_id, blog_id, rate, create_at) values (10, 139, 4, '2022-07-17 21:36:01');
insert into rate (account_id, blog_id, rate, create_at) values (8, 265, 5, '2021-08-26 09:20:44');
insert into rate (account_id, blog_id, rate, create_at) values (10, 255, 5, '2021-08-14 07:58:33');
insert into rate (account_id, blog_id, rate, create_at) values (9, 151, 5, '2021-11-07 09:33:20');
insert into rate (account_id, blog_id, rate, create_at) values (6, 149, 5, '2022-01-31 11:57:37');
insert into rate (account_id, blog_id, rate, create_at) values (1, 279, 4, '2021-09-02 14:10:15');
insert into rate (account_id, blog_id, rate, create_at) values (6, 290, 5, '2022-03-08 20:02:41');
insert into rate (account_id, blog_id, rate, create_at) values (4, 36, 5, '2022-07-08 09:41:17');



insert into vote (account_id, comment_id, create_at) values (6, 14, '2022-05-10 18:19:15');
insert into vote (account_id, comment_id, create_at) values (7, 8, '2022-04-01 19:33:09');
insert into vote (account_id, comment_id, create_at) values (7, 8, '2021-08-20 17:31:07');
insert into vote (account_id, comment_id, create_at) values (1, 19, '2022-01-08 20:04:02');
insert into vote (account_id, comment_id, create_at) values (8, 13, '2021-12-08 03:36:26');
insert into vote (account_id, comment_id, create_at) values (7, 19, '2021-11-01 01:09:39');
insert into vote (account_id, comment_id, create_at) values (1, 17, '2022-01-24 03:32:10');
insert into vote (account_id, comment_id, create_at) values (4, 18, '2021-11-10 16:33:25');
insert into vote (account_id, comment_id, create_at) values (1, 13, '2021-12-07 10:29:26');
insert into vote (account_id, comment_id, create_at) values (8, 5, '2022-04-15 03:28:26');
insert into vote (account_id, comment_id, create_at) values (2, 5, '2022-06-08 07:36:23');
insert into vote (account_id, comment_id, create_at) values (2, 3, '2021-10-28 09:47:19');
insert into vote (account_id, comment_id, create_at) values (8, 12, '2022-07-26 21:00:40');
insert into vote (account_id, comment_id, create_at) values (1, 7, '2021-12-03 22:41:21');
insert into vote (account_id, comment_id, create_at) values (7, 9, '2021-08-28 00:03:20');
insert into vote (account_id, comment_id, create_at) values (10, 3, '2021-10-23 16:32:53');
insert into vote (account_id, comment_id, create_at) values (7, 6, '2022-05-16 02:50:23');
insert into vote (account_id, comment_id, create_at) values (6, 14, '2021-10-19 20:19:12');
insert into vote (account_id, comment_id, create_at) values (4, 11, '2022-03-14 13:45:46');
insert into vote (account_id, comment_id, create_at) values (7, 1, '2021-10-14 09:47:06');



insert into blog_category (blog_id, category_id) values (245, 1);
insert into blog_category (blog_id, category_id) values (292, 1);
insert into blog_category (blog_id, category_id) values (229, 3);
insert into blog_category (blog_id, category_id) values (157, 1);
insert into blog_category (blog_id, category_id) values (299, 3);
insert into blog_category (blog_id, category_id) values (280, 2);
insert into blog_category (blog_id, category_id) values (46, 1);
insert into blog_category (blog_id, category_id) values (21, 2);
insert into blog_category (blog_id, category_id) values (194, 2);
insert into blog_category (blog_id, category_id) values (99, 2);
insert into blog_category (blog_id, category_id) values (237, 2);
insert into blog_category (blog_id, category_id) values (222, 2);
insert into blog_category (blog_id, category_id) values (96, 3);
insert into blog_category (blog_id, category_id) values (117, 3);
insert into blog_category (blog_id, category_id) values (116, 3);
insert into blog_category (blog_id, category_id) values (299, 3);
insert into blog_category (blog_id, category_id) values (124, 2);
insert into blog_category (blog_id, category_id) values (28, 1);
insert into blog_category (blog_id, category_id) values (140, 1);
insert into blog_category (blog_id, category_id) values (157, 2);
insert into blog_category (blog_id, category_id) values (223, 1);
insert into blog_category (blog_id, category_id) values (51, 1);
insert into blog_category (blog_id, category_id) values (163, 3);
insert into blog_category (blog_id, category_id) values (128, 3);
insert into blog_category (blog_id, category_id) values (80, 2);
insert into blog_category (blog_id, category_id) values (73, 3);
insert into blog_category (blog_id, category_id) values (120, 2);
insert into blog_category (blog_id, category_id) values (121, 1);
insert into blog_category (blog_id, category_id) values (36, 2);
insert into blog_category (blog_id, category_id) values (193, 3);
insert into blog_category (blog_id, category_id) values (296, 2);
insert into blog_category (blog_id, category_id) values (30, 1);
insert into blog_category (blog_id, category_id) values (25, 3);
insert into blog_category (blog_id, category_id) values (89, 2);
insert into blog_category (blog_id, category_id) values (179, 1);
insert into blog_category (blog_id, category_id) values (290, 2);
insert into blog_category (blog_id, category_id) values (201, 2);
insert into blog_category (blog_id, category_id) values (141, 2);
insert into blog_category (blog_id, category_id) values (102, 3);
insert into blog_category (blog_id, category_id) values (181, 2);
insert into blog_category (blog_id, category_id) values (218, 3);
insert into blog_category (blog_id, category_id) values (225, 1);
insert into blog_category (blog_id, category_id) values (240, 3);
insert into blog_category (blog_id, category_id) values (273, 3);
insert into blog_category (blog_id, category_id) values (19, 3);
insert into blog_category (blog_id, category_id) values (39, 1);
insert into blog_category (blog_id, category_id) values (139, 2);
insert into blog_category (blog_id, category_id) values (119, 3);
insert into blog_category (blog_id, category_id) values (233, 2);
insert into blog_category (blog_id, category_id) values (227, 1);
insert into blog_category (blog_id, category_id) values (203, 1);
insert into blog_category (blog_id, category_id) values (109, 1);
insert into blog_category (blog_id, category_id) values (79, 2);
insert into blog_category (blog_id, category_id) values (253, 1);
insert into blog_category (blog_id, category_id) values (207, 2);
insert into blog_category (blog_id, category_id) values (93, 3);
insert into blog_category (blog_id, category_id) values (42, 3);
insert into blog_category (blog_id, category_id) values (69, 1);
insert into blog_category (blog_id, category_id) values (33, 2);
insert into blog_category (blog_id, category_id) values (82, 1);
insert into blog_category (blog_id, category_id) values (279, 3);
insert into blog_category (blog_id, category_id) values (279, 3);
insert into blog_category (blog_id, category_id) values (166, 2);
insert into blog_category (blog_id, category_id) values (42, 3);
insert into blog_category (blog_id, category_id) values (141, 2);
insert into blog_category (blog_id, category_id) values (57, 3);
insert into blog_category (blog_id, category_id) values (19, 2);
insert into blog_category (blog_id, category_id) values (221, 2);
insert into blog_category (blog_id, category_id) values (89, 3);
insert into blog_category (blog_id, category_id) values (292, 2);
insert into blog_category (blog_id, category_id) values (42, 3);
insert into blog_category (blog_id, category_id) values (239, 1);
insert into blog_category (blog_id, category_id) values (96, 1);
insert into blog_category (blog_id, category_id) values (190, 3);
insert into blog_category (blog_id, category_id) values (13, 1);
insert into blog_category (blog_id, category_id) values (258, 2);
insert into blog_category (blog_id, category_id) values (199, 2);
insert into blog_category (blog_id, category_id) values (109, 2);
insert into blog_category (blog_id, category_id) values (76, 1);
insert into blog_category (blog_id, category_id) values (138, 3);
insert into blog_category (blog_id, category_id) values (167, 3);
insert into blog_category (blog_id, category_id) values (213, 1);
insert into blog_category (blog_id, category_id) values (103, 3);
insert into blog_category (blog_id, category_id) values (165, 3);
insert into blog_category (blog_id, category_id) values (111, 1);
insert into blog_category (blog_id, category_id) values (9, 2);
insert into blog_category (blog_id, category_id) values (287, 2);
insert into blog_category (blog_id, category_id) values (250, 2);
insert into blog_category (blog_id, category_id) values (60, 2);
insert into blog_category (blog_id, category_id) values (203, 1);
insert into blog_category (blog_id, category_id) values (237, 1);
insert into blog_category (blog_id, category_id) values (2, 1);
insert into blog_category (blog_id, category_id) values (10, 2);
insert into blog_category (blog_id, category_id) values (57, 1);
insert into blog_category (blog_id, category_id) values (2, 1);
insert into blog_category (blog_id, category_id) values (288, 2);
insert into blog_category (blog_id, category_id) values (263, 1);
insert into blog_category (blog_id, category_id) values (9, 2);
insert into blog_category (blog_id, category_id) values (80, 3);
insert into blog_category (blog_id, category_id) values (185, 2);
insert into blog_category (blog_id, category_id) values (37, 2);
insert into blog_category (blog_id, category_id) values (89, 1);
insert into blog_category (blog_id, category_id) values (23, 2);
insert into blog_category (blog_id, category_id) values (75, 2);
insert into blog_category (blog_id, category_id) values (26, 2);
insert into blog_category (blog_id, category_id) values (153, 3);
insert into blog_category (blog_id, category_id) values (53, 2);
insert into blog_category (blog_id, category_id) values (210, 3);
insert into blog_category (blog_id, category_id) values (164, 1);
insert into blog_category (blog_id, category_id) values (103, 1);
insert into blog_category (blog_id, category_id) values (291, 2);
insert into blog_category (blog_id, category_id) values (53, 3);
insert into blog_category (blog_id, category_id) values (10, 2);
insert into blog_category (blog_id, category_id) values (121, 1);
insert into blog_category (blog_id, category_id) values (19, 2);
insert into blog_category (blog_id, category_id) values (87, 3);
insert into blog_category (blog_id, category_id) values (168, 3);
insert into blog_category (blog_id, category_id) values (204, 1);
insert into blog_category (blog_id, category_id) values (74, 3);
insert into blog_category (blog_id, category_id) values (63, 2);
insert into blog_category (blog_id, category_id) values (242, 3);
insert into blog_category (blog_id, category_id) values (67, 2);
insert into blog_category (blog_id, category_id) values (93, 2);
insert into blog_category (blog_id, category_id) values (173, 1);
insert into blog_category (blog_id, category_id) values (151, 2);
insert into blog_category (blog_id, category_id) values (228, 3);
insert into blog_category (blog_id, category_id) values (20, 1);
insert into blog_category (blog_id, category_id) values (200, 1);
insert into blog_category (blog_id, category_id) values (156, 3);
insert into blog_category (blog_id, category_id) values (47, 1);
insert into blog_category (blog_id, category_id) values (298, 3);
insert into blog_category (blog_id, category_id) values (230, 1);
insert into blog_category (blog_id, category_id) values (236, 3);
insert into blog_category (blog_id, category_id) values (13, 3);
insert into blog_category (blog_id, category_id) values (81, 3);
insert into blog_category (blog_id, category_id) values (243, 2);
insert into blog_category (blog_id, category_id) values (212, 3);
insert into blog_category (blog_id, category_id) values (64, 1);
insert into blog_category (blog_id, category_id) values (135, 1);
insert into blog_category (blog_id, category_id) values (99, 2);
insert into blog_category (blog_id, category_id) values (184, 1);
insert into blog_category (blog_id, category_id) values (42, 1);
insert into blog_category (blog_id, category_id) values (243, 2);
insert into blog_category (blog_id, category_id) values (163, 3);
insert into blog_category (blog_id, category_id) values (274, 2);
insert into blog_category (blog_id, category_id) values (202, 1);
insert into blog_category (blog_id, category_id) values (58, 3);
insert into blog_category (blog_id, category_id) values (215, 2);
insert into blog_category (blog_id, category_id) values (11, 1);
insert into blog_category (blog_id, category_id) values (15, 3);
insert into blog_category (blog_id, category_id) values (105, 1);
insert into blog_category (blog_id, category_id) values (195, 2);
insert into blog_category (blog_id, category_id) values (203, 2);
insert into blog_category (blog_id, category_id) values (89, 3);
insert into blog_category (blog_id, category_id) values (41, 3);
insert into blog_category (blog_id, category_id) values (74, 2);
insert into blog_category (blog_id, category_id) values (18, 1);
insert into blog_category (blog_id, category_id) values (249, 2);
insert into blog_category (blog_id, category_id) values (81, 3);
insert into blog_category (blog_id, category_id) values (188, 1);
insert into blog_category (blog_id, category_id) values (19, 3);
insert into blog_category (blog_id, category_id) values (289, 1);
insert into blog_category (blog_id, category_id) values (183, 1);
insert into blog_category (blog_id, category_id) values (118, 2);
insert into blog_category (blog_id, category_id) values (82, 3);
insert into blog_category (blog_id, category_id) values (37, 3);
insert into blog_category (blog_id, category_id) values (295, 1);
insert into blog_category (blog_id, category_id) values (176, 1);
insert into blog_category (blog_id, category_id) values (116, 1);
insert into blog_category (blog_id, category_id) values (53, 1);
insert into blog_category (blog_id, category_id) values (238, 1);
insert into blog_category (blog_id, category_id) values (273, 3);
insert into blog_category (blog_id, category_id) values (286, 1);
insert into blog_category (blog_id, category_id) values (18, 1);
insert into blog_category (blog_id, category_id) values (105, 1);
insert into blog_category (blog_id, category_id) values (163, 1);
insert into blog_category (blog_id, category_id) values (100, 3);
insert into blog_category (blog_id, category_id) values (183, 1);
insert into blog_category (blog_id, category_id) values (264, 2);
insert into blog_category (blog_id, category_id) values (223, 2);
insert into blog_category (blog_id, category_id) values (191, 3);
insert into blog_category (blog_id, category_id) values (92, 3);
insert into blog_category (blog_id, category_id) values (128, 1);
insert into blog_category (blog_id, category_id) values (66, 1);
insert into blog_category (blog_id, category_id) values (55, 3);
insert into blog_category (blog_id, category_id) values (129, 2);
insert into blog_category (blog_id, category_id) values (21, 1);
insert into blog_category (blog_id, category_id) values (19, 3);
insert into blog_category (blog_id, category_id) values (26, 1);
insert into blog_category (blog_id, category_id) values (48, 2);
insert into blog_category (blog_id, category_id) values (146, 1);
insert into blog_category (blog_id, category_id) values (144, 3);
insert into blog_category (blog_id, category_id) values (7, 2);
insert into blog_category (blog_id, category_id) values (90, 2);
insert into blog_category (blog_id, category_id) values (287, 2);
insert into blog_category (blog_id, category_id) values (120, 2);
insert into blog_category (blog_id, category_id) values (276, 1);
insert into blog_category (blog_id, category_id) values (191, 2);
insert into blog_category (blog_id, category_id) values (299, 2);
insert into blog_category (blog_id, category_id) values (175, 1);
insert into blog_category (blog_id, category_id) values (21, 1);
insert into blog_category (blog_id, category_id) values (223, 3);
insert into blog_category (blog_id, category_id) values (290, 1);
insert into blog_category (blog_id, category_id) values (156, 2);
insert into blog_category (blog_id, category_id) values (65, 1);
insert into blog_category (blog_id, category_id) values (24, 2);
insert into blog_category (blog_id, category_id) values (67, 1);
insert into blog_category (blog_id, category_id) values (101, 3);
insert into blog_category (blog_id, category_id) values (61, 1);
insert into blog_category (blog_id, category_id) values (76, 2);
insert into blog_category (blog_id, category_id) values (265, 3);
insert into blog_category (blog_id, category_id) values (277, 1);
insert into blog_category (blog_id, category_id) values (267, 1);
insert into blog_category (blog_id, category_id) values (208, 2);
insert into blog_category (blog_id, category_id) values (154, 2);
insert into blog_category (blog_id, category_id) values (45, 3);
insert into blog_category (blog_id, category_id) values (207, 2);
insert into blog_category (blog_id, category_id) values (106, 1);
insert into blog_category (blog_id, category_id) values (102, 3);
insert into blog_category (blog_id, category_id) values (286, 2);
insert into blog_category (blog_id, category_id) values (287, 3);
insert into blog_category (blog_id, category_id) values (42, 2);
insert into blog_category (blog_id, category_id) values (142, 3);
insert into blog_category (blog_id, category_id) values (219, 3);
insert into blog_category (blog_id, category_id) values (156, 2);
insert into blog_category (blog_id, category_id) values (149, 2);
insert into blog_category (blog_id, category_id) values (122, 1);
insert into blog_category (blog_id, category_id) values (245, 1);
insert into blog_category (blog_id, category_id) values (172, 3);
insert into blog_category (blog_id, category_id) values (68, 1);
insert into blog_category (blog_id, category_id) values (299, 1);
insert into blog_category (blog_id, category_id) values (184, 3);
insert into blog_category (blog_id, category_id) values (170, 2);
insert into blog_category (blog_id, category_id) values (159, 3);
insert into blog_category (blog_id, category_id) values (230, 1);
insert into blog_category (blog_id, category_id) values (41, 1);
insert into blog_category (blog_id, category_id) values (261, 3);
insert into blog_category (blog_id, category_id) values (127, 2);
insert into blog_category (blog_id, category_id) values (28, 3);
insert into blog_category (blog_id, category_id) values (43, 2);
insert into blog_category (blog_id, category_id) values (171, 3);
insert into blog_category (blog_id, category_id) values (110, 2);
insert into blog_category (blog_id, category_id) values (48, 2);
insert into blog_category (blog_id, category_id) values (161, 2);
insert into blog_category (blog_id, category_id) values (251, 3);
insert into blog_category (blog_id, category_id) values (257, 1);
insert into blog_category (blog_id, category_id) values (144, 3);
insert into blog_category (blog_id, category_id) values (272, 3);
insert into blog_category (blog_id, category_id) values (167, 3);
insert into blog_category (blog_id, category_id) values (197, 2);
insert into blog_category (blog_id, category_id) values (104, 1);
insert into blog_category (blog_id, category_id) values (30, 1);
insert into blog_category (blog_id, category_id) values (36, 3);
insert into blog_category (blog_id, category_id) values (108, 3);
insert into blog_category (blog_id, category_id) values (236, 2);
insert into blog_category (blog_id, category_id) values (210, 3);
insert into blog_category (blog_id, category_id) values (116, 2);
insert into blog_category (blog_id, category_id) values (268, 3);
insert into blog_category (blog_id, category_id) values (89, 2);
insert into blog_category (blog_id, category_id) values (208, 3);
insert into blog_category (blog_id, category_id) values (213, 1);
insert into blog_category (blog_id, category_id) values (125, 1);
insert into blog_category (blog_id, category_id) values (291, 3);
insert into blog_category (blog_id, category_id) values (169, 3);
insert into blog_category (blog_id, category_id) values (66, 1);
insert into blog_category (blog_id, category_id) values (91, 2);
insert into blog_category (blog_id, category_id) values (187, 3);
insert into blog_category (blog_id, category_id) values (195, 2);
insert into blog_category (blog_id, category_id) values (146, 2);
insert into blog_category (blog_id, category_id) values (202, 1);
insert into blog_category (blog_id, category_id) values (7, 3);
insert into blog_category (blog_id, category_id) values (47, 3);
insert into blog_category (blog_id, category_id) values (18, 3);
insert into blog_category (blog_id, category_id) values (57, 1);
insert into blog_category (blog_id, category_id) values (32, 2);
insert into blog_category (blog_id, category_id) values (155, 1);
insert into blog_category (blog_id, category_id) values (168, 1);
insert into blog_category (blog_id, category_id) values (118, 2);
insert into blog_category (blog_id, category_id) values (79, 3);
insert into blog_category (blog_id, category_id) values (229, 1);
insert into blog_category (blog_id, category_id) values (54, 3);
insert into blog_category (blog_id, category_id) values (86, 3);
insert into blog_category (blog_id, category_id) values (95, 2);
insert into blog_category (blog_id, category_id) values (162, 1);
insert into blog_category (blog_id, category_id) values (80, 2);
insert into blog_category (blog_id, category_id) values (128, 3);
insert into blog_category (blog_id, category_id) values (85, 2);
insert into blog_category (blog_id, category_id) values (24, 3);
insert into blog_category (blog_id, category_id) values (287, 1);
insert into blog_category (blog_id, category_id) values (184, 1);
insert into blog_category (blog_id, category_id) values (132, 2);
insert into blog_category (blog_id, category_id) values (85, 1);
insert into blog_category (blog_id, category_id) values (181, 1);
insert into blog_category (blog_id, category_id) values (225, 2);
insert into blog_category (blog_id, category_id) values (293, 1);
insert into blog_category (blog_id, category_id) values (149, 2);
insert into blog_category (blog_id, category_id) values (132, 2);
insert into blog_category (blog_id, category_id) values (281, 2);
insert into blog_category (blog_id, category_id) values (65, 3);
insert into blog_category (blog_id, category_id) values (286, 3);
insert into blog_category (blog_id, category_id) values (23, 2);
insert into blog_category (blog_id, category_id) values (210, 3);
insert into blog_category (blog_id, category_id) values (172, 3);
insert into blog_category (blog_id, category_id) values (42, 2);
insert into blog_category (blog_id, category_id) values (229, 3);
insert into blog_category (blog_id, category_id) values (127, 2);
insert into blog_category (blog_id, category_id) values (49, 3);
insert into blog_category (blog_id, category_id) values (160, 3);
insert into blog_category (blog_id, category_id) values (43, 2);
insert into blog_category (blog_id, category_id) values (60, 2);
insert into blog_category (blog_id, category_id) values (136, 3);
insert into blog_category (blog_id, category_id) values (71, 3);
insert into blog_category (blog_id, category_id) values (291, 3);
insert into blog_category (blog_id, category_id) values (207, 3);
insert into blog_category (blog_id, category_id) values (140, 1);
insert into blog_category (blog_id, category_id) values (210, 1);
insert into blog_category (blog_id, category_id) values (159, 2);
insert into blog_category (blog_id, category_id) values (102, 1);
insert into blog_category (blog_id, category_id) values (222, 3);
insert into blog_category (blog_id, category_id) values (80, 2);
insert into blog_category (blog_id, category_id) values (221, 3);
insert into blog_category (blog_id, category_id) values (37, 3);
insert into blog_category (blog_id, category_id) values (51, 1);
insert into blog_category (blog_id, category_id) values (258, 1);
insert into blog_category (blog_id, category_id) values (106, 1);
insert into blog_category (blog_id, category_id) values (14, 3);
insert into blog_category (blog_id, category_id) values (227, 1);
insert into blog_category (blog_id, category_id) values (197, 3);
insert into blog_category (blog_id, category_id) values (10, 2);
insert into blog_category (blog_id, category_id) values (191, 2);
insert into blog_category (blog_id, category_id) values (54, 2);
insert into blog_category (blog_id, category_id) values (10, 1);
insert into blog_category (blog_id, category_id) values (35, 1);
insert into blog_category (blog_id, category_id) values (263, 2);
insert into blog_category (blog_id, category_id) values (15, 3);
insert into blog_category (blog_id, category_id) values (63, 3);
insert into blog_category (blog_id, category_id) values (282, 1);
insert into blog_category (blog_id, category_id) values (150, 1);
insert into blog_category (blog_id, category_id) values (146, 3);
insert into blog_category (blog_id, category_id) values (15, 1);
insert into blog_category (blog_id, category_id) values (56, 1);
insert into blog_category (blog_id, category_id) values (16, 1);
insert into blog_category (blog_id, category_id) values (296, 2);
insert into blog_category (blog_id, category_id) values (79, 2);
insert into blog_category (blog_id, category_id) values (270, 1);
insert into blog_category (blog_id, category_id) values (76, 2);
insert into blog_category (blog_id, category_id) values (122, 1);
insert into blog_category (blog_id, category_id) values (287, 1);
insert into blog_category (blog_id, category_id) values (30, 1);
insert into blog_category (blog_id, category_id) values (43, 1);
insert into blog_category (blog_id, category_id) values (62, 1);
insert into blog_category (blog_id, category_id) values (186, 2);
insert into blog_category (blog_id, category_id) values (255, 1);
insert into blog_category (blog_id, category_id) values (77, 3);
insert into blog_category (blog_id, category_id) values (154, 2);
insert into blog_category (blog_id, category_id) values (170, 3);
insert into blog_category (blog_id, category_id) values (24, 2);
insert into blog_category (blog_id, category_id) values (228, 2);
insert into blog_category (blog_id, category_id) values (255, 1);
insert into blog_category (blog_id, category_id) values (125, 2);
insert into blog_category (blog_id, category_id) values (247, 1);
insert into blog_category (blog_id, category_id) values (276, 1);
insert into blog_category (blog_id, category_id) values (28, 3);
insert into blog_category (blog_id, category_id) values (228, 3);
insert into blog_category (blog_id, category_id) values (133, 1);
insert into blog_category (blog_id, category_id) values (161, 2);
insert into blog_category (blog_id, category_id) values (116, 2);
insert into blog_category (blog_id, category_id) values (73, 3);
insert into blog_category (blog_id, category_id) values (68, 3);
insert into blog_category (blog_id, category_id) values (60, 2);
insert into blog_category (blog_id, category_id) values (160, 3);
insert into blog_category (blog_id, category_id) values (92, 2);
insert into blog_category (blog_id, category_id) values (16, 2);
insert into blog_category (blog_id, category_id) values (45, 1);
insert into blog_category (blog_id, category_id) values (75, 1);
insert into blog_category (blog_id, category_id) values (150, 1);
insert into blog_category (blog_id, category_id) values (249, 1);
insert into blog_category (blog_id, category_id) values (289, 1);
insert into blog_category (blog_id, category_id) values (143, 3);
insert into blog_category (blog_id, category_id) values (240, 1);
insert into blog_category (blog_id, category_id) values (168, 2);
insert into blog_category (blog_id, category_id) values (43, 1);
insert into blog_category (blog_id, category_id) values (121, 2);
insert into blog_category (blog_id, category_id) values (157, 3);
insert into blog_category (blog_id, category_id) values (127, 1);
insert into blog_category (blog_id, category_id) values (45, 2);
insert into blog_category (blog_id, category_id) values (147, 3);
insert into blog_category (blog_id, category_id) values (165, 2);
insert into blog_category (blog_id, category_id) values (260, 3);
insert into blog_category (blog_id, category_id) values (159, 1);
insert into blog_category (blog_id, category_id) values (230, 2);
insert into blog_category (blog_id, category_id) values (148, 3);
insert into blog_category (blog_id, category_id) values (159, 2);
insert into blog_category (blog_id, category_id) values (253, 1);
insert into blog_category (blog_id, category_id) values (180, 2);
insert into blog_category (blog_id, category_id) values (120, 3);
insert into blog_category (blog_id, category_id) values (198, 2);
insert into blog_category (blog_id, category_id) values (41, 2);
insert into blog_category (blog_id, category_id) values (116, 3);
insert into blog_category (blog_id, category_id) values (191, 1);
insert into blog_category (blog_id, category_id) values (221, 2);
insert into blog_category (blog_id, category_id) values (158, 3);
insert into blog_category (blog_id, category_id) values (270, 1);
insert into blog_category (blog_id, category_id) values (139, 3);
insert into blog_category (blog_id, category_id) values (45, 1);
insert into blog_category (blog_id, category_id) values (198, 2);
insert into blog_category (blog_id, category_id) values (49, 2);
insert into blog_category (blog_id, category_id) values (205, 2);
insert into blog_category (blog_id, category_id) values (33, 2);
insert into blog_category (blog_id, category_id) values (169, 3);
insert into blog_category (blog_id, category_id) values (271, 2);
insert into blog_category (blog_id, category_id) values (205, 3);
insert into blog_category (blog_id, category_id) values (283, 2);
insert into blog_category (blog_id, category_id) values (290, 3);
insert into blog_category (blog_id, category_id) values (212, 3);
insert into blog_category (blog_id, category_id) values (154, 1);
insert into blog_category (blog_id, category_id) values (11, 3);
insert into blog_category (blog_id, category_id) values (284, 1);
insert into blog_category (blog_id, category_id) values (279, 1);
insert into blog_category (blog_id, category_id) values (89, 2);
insert into blog_category (blog_id, category_id) values (195, 1);
insert into blog_category (blog_id, category_id) values (228, 1);
insert into blog_category (blog_id, category_id) values (189, 1);
insert into blog_category (blog_id, category_id) values (74, 1);
insert into blog_category (blog_id, category_id) values (31, 2);
insert into blog_category (blog_id, category_id) values (16, 2);
insert into blog_category (blog_id, category_id) values (249, 3);
insert into blog_category (blog_id, category_id) values (132, 1);
insert into blog_category (blog_id, category_id) values (145, 2);
insert into blog_category (blog_id, category_id) values (252, 3);
insert into blog_category (blog_id, category_id) values (167, 1);
insert into blog_category (blog_id, category_id) values (280, 3);
insert into blog_category (blog_id, category_id) values (261, 3);
insert into blog_category (blog_id, category_id) values (192, 1);
insert into blog_category (blog_id, category_id) values (166, 3);
insert into blog_category (blog_id, category_id) values (247, 3);
insert into blog_category (blog_id, category_id) values (251, 3);
insert into blog_category (blog_id, category_id) values (245, 2);
insert into blog_category (blog_id, category_id) values (167, 3);
insert into blog_category (blog_id, category_id) values (14, 2);
insert into blog_category (blog_id, category_id) values (38, 1);
insert into blog_category (blog_id, category_id) values (214, 3);
insert into blog_category (blog_id, category_id) values (205, 3);
insert into blog_category (blog_id, category_id) values (131, 2);
insert into blog_category (blog_id, category_id) values (153, 2);
insert into blog_category (blog_id, category_id) values (113, 3);
insert into blog_category (blog_id, category_id) values (230, 2);
insert into blog_category (blog_id, category_id) values (115, 1);
insert into blog_category (blog_id, category_id) values (202, 2);
insert into blog_category (blog_id, category_id) values (266, 1);
insert into blog_category (blog_id, category_id) values (166, 2);
insert into blog_category (blog_id, category_id) values (112, 1);
insert into blog_category (blog_id, category_id) values (130, 1);
insert into blog_category (blog_id, category_id) values (125, 3);
insert into blog_category (blog_id, category_id) values (55, 1);
insert into blog_category (blog_id, category_id) values (276, 3);
insert into blog_category (blog_id, category_id) values (203, 2);
insert into blog_category (blog_id, category_id) values (174, 2);
insert into blog_category (blog_id, category_id) values (85, 1);
insert into blog_category (blog_id, category_id) values (276, 1);
insert into blog_category (blog_id, category_id) values (298, 2);
insert into blog_category (blog_id, category_id) values (36, 1);
insert into blog_category (blog_id, category_id) values (278, 3);
insert into blog_category (blog_id, category_id) values (159, 3);
insert into blog_category (blog_id, category_id) values (11, 3);
insert into blog_category (blog_id, category_id) values (154, 1);
insert into blog_category (blog_id, category_id) values (115, 2);
insert into blog_category (blog_id, category_id) values (249, 3);
insert into blog_category (blog_id, category_id) values (270, 3);
insert into blog_category (blog_id, category_id) values (102, 3);
insert into blog_category (blog_id, category_id) values (28, 2);
insert into blog_category (blog_id, category_id) values (23, 2);
insert into blog_category (blog_id, category_id) values (253, 3);
insert into blog_category (blog_id, category_id) values (131, 3);
insert into blog_category (blog_id, category_id) values (238, 2);
insert into blog_category (blog_id, category_id) values (98, 1);
insert into blog_category (blog_id, category_id) values (285, 1);
insert into blog_category (blog_id, category_id) values (17, 3);
insert into blog_category (blog_id, category_id) values (184, 2);
insert into blog_category (blog_id, category_id) values (293, 1);
insert into blog_category (blog_id, category_id) values (168, 1);
insert into blog_category (blog_id, category_id) values (51, 3);
insert into blog_category (blog_id, category_id) values (106, 3);
insert into blog_category (blog_id, category_id) values (281, 1);
insert into blog_category (blog_id, category_id) values (211, 2);
insert into blog_category (blog_id, category_id) values (104, 3);
insert into blog_category (blog_id, category_id) values (274, 1);
insert into blog_category (blog_id, category_id) values (197, 2);
insert into blog_category (blog_id, category_id) values (26, 2);
insert into blog_category (blog_id, category_id) values (57, 2);
insert into blog_category (blog_id, category_id) values (42, 2);
insert into blog_category (blog_id, category_id) values (186, 2);
insert into blog_category (blog_id, category_id) values (21, 3);
insert into blog_category (blog_id, category_id) values (126, 2);
insert into blog_category (blog_id, category_id) values (52, 2);
insert into blog_category (blog_id, category_id) values (121, 2);
insert into blog_category (blog_id, category_id) values (100, 3);
insert into blog_category (blog_id, category_id) values (161, 2);
insert into blog_category (blog_id, category_id) values (179, 3);
insert into blog_category (blog_id, category_id) values (64, 1);
insert into blog_category (blog_id, category_id) values (239, 3);
insert into blog_category (blog_id, category_id) values (122, 3);
insert into blog_category (blog_id, category_id) values (92, 3);
insert into blog_category (blog_id, category_id) values (42, 2);
insert into blog_category (blog_id, category_id) values (187, 1);
insert into blog_category (blog_id, category_id) values (73, 1);
insert into blog_category (blog_id, category_id) values (233, 2);
insert into blog_category (blog_id, category_id) values (60, 2);
insert into blog_category (blog_id, category_id) values (59, 1);
insert into blog_category (blog_id, category_id) values (63, 2);
insert into blog_category (blog_id, category_id) values (220, 3);
insert into blog_category (blog_id, category_id) values (185, 1);
insert into blog_category (blog_id, category_id) values (299, 3);
insert into blog_category (blog_id, category_id) values (12, 1);
insert into blog_category (blog_id, category_id) values (179, 1);
insert into blog_category (blog_id, category_id) values (149, 2);
insert into blog_category (blog_id, category_id) values (292, 1);
insert into blog_category (blog_id, category_id) values (136, 2);
insert into blog_category (blog_id, category_id) values (10, 1);
insert into blog_category (blog_id, category_id) values (156, 2);
insert into blog_category (blog_id, category_id) values (272, 1);
insert into blog_category (blog_id, category_id) values (216, 1);
insert into blog_category (blog_id, category_id) values (215, 3);
insert into blog_category (blog_id, category_id) values (288, 3);
insert into blog_category (blog_id, category_id) values (26, 3);
insert into blog_category (blog_id, category_id) values (165, 2);
insert into blog_category (blog_id, category_id) values (189, 3);
insert into blog_category (blog_id, category_id) values (78, 3);
insert into blog_category (blog_id, category_id) values (154, 2);
insert into blog_category (blog_id, category_id) values (201, 1);
insert into blog_category (blog_id, category_id) values (174, 2);
insert into blog_category (blog_id, category_id) values (149, 1);
insert into blog_category (blog_id, category_id) values (239, 2);
insert into blog_category (blog_id, category_id) values (21, 1);
insert into blog_category (blog_id, category_id) values (187, 2);
insert into blog_category (blog_id, category_id) values (121, 2);
insert into blog_category (blog_id, category_id) values (24, 1);
insert into blog_category (blog_id, category_id) values (294, 3);
insert into blog_category (blog_id, category_id) values (226, 2);
insert into blog_category (blog_id, category_id) values (113, 2);
insert into blog_category (blog_id, category_id) values (75, 2);
insert into blog_category (blog_id, category_id) values (264, 2);
insert into blog_category (blog_id, category_id) values (7, 1);
insert into blog_category (blog_id, category_id) values (151, 3);
insert into blog_category (blog_id, category_id) values (59, 2);
insert into blog_category (blog_id, category_id) values (149, 2);
insert into blog_category (blog_id, category_id) values (83, 1);
insert into blog_category (blog_id, category_id) values (58, 1);
insert into blog_category (blog_id, category_id) values (268, 2);
insert into blog_category (blog_id, category_id) values (276, 3);
insert into blog_category (blog_id, category_id) values (47, 2);
insert into blog_category (blog_id, category_id) values (203, 1);
insert into blog_category (blog_id, category_id) values (244, 1);
insert into blog_category (blog_id, category_id) values (238, 1);
insert into blog_category (blog_id, category_id) values (61, 1);
insert into blog_category (blog_id, category_id) values (221, 2);
insert into blog_category (blog_id, category_id) values (280, 2);
insert into blog_category (blog_id, category_id) values (8, 3);
insert into blog_category (blog_id, category_id) values (91, 1);
insert into blog_category (blog_id, category_id) values (286, 3);
insert into blog_category (blog_id, category_id) values (195, 1);
insert into blog_category (blog_id, category_id) values (20, 2);
insert into blog_category (blog_id, category_id) values (186, 3);
insert into blog_category (blog_id, category_id) values (128, 3);
insert into blog_category (blog_id, category_id) values (123, 1);
insert into blog_category (blog_id, category_id) values (226, 2);
insert into blog_category (blog_id, category_id) values (165, 1);
insert into blog_category (blog_id, category_id) values (214, 3);
insert into blog_category (blog_id, category_id) values (233, 3);
insert into blog_category (blog_id, category_id) values (290, 3);
insert into blog_category (blog_id, category_id) values (66, 3);
insert into blog_category (blog_id, category_id) values (248, 3);
insert into blog_category (blog_id, category_id) values (215, 3);
insert into blog_category (blog_id, category_id) values (238, 1);
insert into blog_category (blog_id, category_id) values (90, 2);
insert into blog_category (blog_id, category_id) values (106, 3);
insert into blog_category (blog_id, category_id) values (124, 1);
insert into blog_category (blog_id, category_id) values (135, 2);
insert into blog_category (blog_id, category_id) values (56, 3);
insert into blog_category (blog_id, category_id) values (193, 3);
insert into blog_category (blog_id, category_id) values (96, 3);
insert into blog_category (blog_id, category_id) values (44, 3);
insert into blog_category (blog_id, category_id) values (103, 2);
insert into blog_category (blog_id, category_id) values (161, 3);
insert into blog_category (blog_id, category_id) values (39, 1);
insert into blog_category (blog_id, category_id) values (68, 2);
insert into blog_category (blog_id, category_id) values (253, 2);
insert into blog_category (blog_id, category_id) values (155, 1);
insert into blog_category (blog_id, category_id) values (8, 2);
insert into blog_category (blog_id, category_id) values (206, 3);
insert into blog_category (blog_id, category_id) values (114, 3);
insert into blog_category (blog_id, category_id) values (215, 1);
insert into blog_category (blog_id, category_id) values (126, 2);
insert into blog_category (blog_id, category_id) values (83, 1);
insert into blog_category (blog_id, category_id) values (214, 2);
insert into blog_category (blog_id, category_id) values (143, 1);
insert into blog_category (blog_id, category_id) values (13, 3);
insert into blog_category (blog_id, category_id) values (192, 1);
insert into blog_category (blog_id, category_id) values (18, 2);
insert into blog_category (blog_id, category_id) values (51, 2);
